ticker,company_name,exchange,sector,industry,market_cap,screener_price,quote_type,universe_cached_at
NVDA,NVIDIA Corporation,NMS,Technology,,5536424132608.0,229.28,EQUITY,2026-10-10T01:55:02+00:00
AAPL,Apple Inc.,NMS,Technology,,4912984883200.0,336.64,EQUITY,2026-10-10T01:55:02+00:00
GOOGL,Alphabet Inc.,NMS,Communication Services,,4300779028480.0,351.66,EQUITY,2026-10-10T01:55:02+00:00
GOOG,Alphabet Inc.,NMS,Communication Services,,4254305091584.0,347.86,EQUITY,2026-10-10T01:55:02+00:00
MSFT,Microsoft Corporation,NMS,Technology,,3973186846720.0,535.07,EQUITY,2026-10-10T01:55:02+00:00
AMZN,"Amazon.com, Inc.",NMS,Consumer Cyclical,,2830652145664.0,262.43,EQUITY,2026-10-10T01:55:02+00:00
TSM,Taiwan Semiconductor Manufactur,NYQ,Technology,,2351080407040.0,453.31,EQUITY,2026-10-10T01:55:02+00:00
SPCX,Space Exploration Technologies ,NMS,Industrials,,2141727621120.0,162.57,EQUITY,2026-10-10T01:55:02+00:00
META,"Meta Platforms, Inc.",NMS,Communication Services,,1830816186368.0,718.67,EQUITY,2026-10-10T01:55:02+00:00
AVGO,Broadcom Inc.,NMS,Technology,,1725858185216.0,361.54,EQUITY,2026-10-10T01:55:02+00:00
TSLA,"Tesla, Inc.",NMS,Consumer Cyclical,,1511491895296.0,382.7,EQUITY,2026-10-10T01:55:02+00:00
SKHY,SK hynix Inc.,NMS,Technology,,1201930895360.0,169.03,EQUITY,2026-10-10T01:55:02+00:00
MU,"Micron Technology, Inc.",NMS,Technology,,1162145562624.0,1029.0,EQUITY,2026-10-10T01:55:02+00:00
BRK-A,Berkshire Hathaway Inc.,NYQ,Financial Services,,1105027399680.0,774295.0,EQUITY,2026-10-10T01:55:02+00:00
BRK-B,Berkshire Hathaway Inc. New,NYQ,Financial Services,,1103792701440.0,515.62,EQUITY,2026-10-10T01:55:02+00:00
LLY,Eli Lilly and Company,NYQ,Healthcare,,1051150647296.0,1179.27,EQUITY,2026-10-10T01:55:02+00:00
AMD,"Advanced Micro Devices, Inc.",NMS,Technology,,992708001792.0,608.1,EQUITY,2026-10-10T01:55:02+00:00
JPM,JP Morgan Chase & Co.,NYQ,Financial Services,,885149401088.0,332.99,EQUITY,2026-10-10T01:55:02+00:00
WMT,Walmart Inc.,NMS,Consumer Defensive,,883422593024.0,111.35,EQUITY,2026-10-10T01:55:02+00:00
V,Visa Inc.,NYQ,Financial Services,,723626622976.0,385.45,EQUITY,2026-10-10T01:55:02+00:00
XOM,ExxonMobil Holdings Corporation,NYQ,Energy,,694666395648.0,168.94,EQUITY,2026-10-10T01:55:02+00:00
ASML,ASML Holding N.V. - New York Re,NMS,Technology,,683828576256.0,1780.34,EQUITY,2026-10-10T01:55:02+00:00
JNJ,Johnson & Johnson,NYQ,Healthcare,,630043836416.0,261.44,EQUITY,2026-10-10T01:55:02+00:00
INTC,Intel Corporation,NMS,Technology,,553455190016.0,104.7,EQUITY,2026-10-10T01:55:02+00:00
MA,Mastercard Incorporated,NYQ,Financial Services,,516092493824.0,589.14,EQUITY,2026-10-10T01:55:02+00:00
PLTR,Palantir Technologies Inc.,NMS,Technology,,502359359488.0,209.05,EQUITY,2026-10-10T01:55:02+00:00
ABBV,AbbVie Inc.,NYQ,Healthcare,,488554921984.0,276.47,EQUITY,2026-10-10T01:55:02+00:00
CSCO,"Cisco Systems, Inc.",NMS,Technology,,466762858496.0,118.39,EQUITY,2026-10-10T01:55:02+00:00
ORCL,Oracle Corporation,NYQ,Technology,,428654231552.0,141.4,EQUITY,2026-10-10T01:55:02+00:00
COST,Costco Wholesale Corporation,NMS,Consumer Defensive,,419608035328.0,946.92,EQUITY,2026-10-10T01:55:02+00:00
CVX,Chevron Corporation,NYQ,Energy,,415820677120.0,211.98,EQUITY,2026-10-10T01:55:02+00:00
AMAT,"Applied Materials, Inc.",NMS,Technology,,402377703424.0,507.03,EQUITY,2026-10-10T01:55:02+00:00
LRCX,Lam Research Corporation,NMS,Technology,,399004139520.0,318.84,EQUITY,2026-10-10T01:55:02+00:00
BAC,Bank of America Corporation,NYQ,Financial Services,,379846098944.0,54.32,EQUITY,2026-10-10T01:55:02+00:00
KO,Coca-Cola Company (The),NYQ,Consumer Defensive,,378839465984.0,88.05,EQUITY,2026-10-10T01:55:02+00:00
DELL,Dell Technologies Inc.,NYQ,Technology,,372624424960.0,586.06,EQUITY,2026-10-10T01:55:02+00:00
CAT,"Caterpillar, Inc.",NYQ,Industrials,,367955935232.0,800.47,EQUITY,2026-10-10T01:55:02+00:00
MRK,"Merck & Company, Inc.",NYQ,Healthcare,,359220183040.0,145.6,EQUITY,2026-10-10T01:55:02+00:00
PG,Procter & Gamble Company (The),NYQ,Consumer Defensive,,351524028416.0,151.23,EQUITY,2026-10-10T01:55:02+00:00
PANW,"Palo Alto Networks, Inc.",NMS,Technology,,342562045952.0,418.78,EQUITY,2026-10-10T01:55:02+00:00
UNH,UnitedHealth Group Incorporated,NYQ,Healthcare,,340457717760.0,379.3,EQUITY,2026-10-10T01:55:02+00:00
GE,GE Aerospace,NYQ,Industrials,,319776784384.0,308.2,EQUITY,2026-10-10T01:55:02+00:00
HSBC,"HSBC Holdings, plc.",NYQ,Financial Services,,317985456128.0,92.98,EQUITY,2026-10-10T01:55:02+00:00
QH,Quhuo Limited,NCM,Technology,,314702102528.0,3.575,EQUITY,2026-10-10T01:55:02+00:00
PM,Philip Morris International Inc,NYQ,Consumer Defensive,,313577439232.0,201.19,EQUITY,2026-10-10T01:55:02+00:00
MS,Morgan Stanley,NYQ,Financial Services,,298439016448.0,190.02,EQUITY,2026-10-10T01:55:02+00:00
NFLX,"Netflix, Inc.",NMS,Communication Services,,292724965376.0,70.3,EQUITY,2026-10-10T01:55:02+00:00
HD,"Home Depot, Inc. (The)",NYQ,Consumer Cyclical,,290068267008.0,290.74,EQUITY,2026-10-10T01:55:02+00:00
SHEL,Shell PLC,NYQ,Energy,,285132554240.0,100.18,EQUITY,2026-10-10T01:55:02+00:00
ARM,Arm Holdings plc,NMS,Technology,,284386656256.0,266.28,EQUITY,2026-10-10T01:55:02+00:00
CRWD,"CrowdStrike Holdings, Inc.",NMS,Technology,,281623035904.0,275.04,EQUITY,2026-10-10T01:55:02+00:00
BABA,Alibaba Group Holding Limited,NYQ,Consumer Cyclical,,277060157440.0,111.37,EQUITY,2026-10-10T01:55:02+00:00
ANET,"Arista Networks, Inc.",NYQ,Technology,,273357848576.0,216.74,EQUITY,2026-10-10T01:55:02+00:00
NVS,Novartis AG,NYQ,Healthcare,,273227759616.0,143.75,EQUITY,2026-10-10T01:55:02+00:00
GEV,GE Vernova Inc.,NYQ,Industrials,,267593334784.0,1004.73,EQUITY,2026-10-10T01:55:02+00:00
RY,Royal Bank Of Canada,NYQ,Financial Services,,265685925888.0,191.91,EQUITY,2026-10-10T01:55:02+00:00
GS,"Goldman Sachs Group, Inc. (The)",NYQ,Financial Services,,260691574784.0,895.32,EQUITY,2026-10-10T01:55:02+00:00
TXN,Texas Instruments Incorporated,NMS,Technology,,259124887552.0,283.74,EQUITY,2026-10-10T01:55:02+00:00
KLAC,KLA Corporation,NMS,Technology,,255220121600.0,195.57,EQUITY,2026-10-10T01:55:02+00:00
WFC,Wells Fargo & Company,NYQ,Financial Services,,252655140864.0,83.55,EQUITY,2026-10-10T01:55:02+00:00
MUFG,"Mitsubishi UFJ Financial Group,",NYQ,Financial Services,,251904016384.0,22.38,EQUITY,2026-10-10T01:55:02+00:00
RTX,RTX Corporation,NYQ,Industrials,,250642579456.0,185.97,EQUITY,2026-10-10T01:55:02+00:00
SAP,SAP  SE,NYQ,Technology,,247899996160.0,214.78,EQUITY,2026-10-10T01:55:02+00:00
MRVL,"Marvell Technology, Inc.",NMS,Technology,,247395418112.0,275.28,EQUITY,2026-10-10T01:55:02+00:00
AZN,AstraZeneca PLC,NYQ,Healthcare,,246904193024.0,159.2,EQUITY,2026-10-10T01:55:02+00:00
TMO,Thermo Fisher Scientific Inc,NYQ,Healthcare,,243301122048.0,658.02,EQUITY,2026-10-10T01:55:02+00:00
SNDK,Sandisk Corporation,NMS,Technology,,228616585216.0,1581.82,EQUITY,2026-10-10T01:55:02+00:00
AMGN,Amgen Inc.,NMS,Healthcare,,224291995648.0,414.87,EQUITY,2026-10-10T01:55:02+00:00
LIN,Linde plc,NMS,Basic Materials,,222989942784.0,483.73,EQUITY,2026-10-10T01:55:02+00:00
BHP,BHP Group Limited,NYQ,Basic Materials,,220447703040.0,86.74,EQUITY,2026-10-10T01:55:02+00:00
SHOP,Shopify Inc.,NMS,Technology,,219823128576.0,170.85,EQUITY,2026-10-10T01:55:02+00:00
TM,Toyota Motor Corporation,NYQ,Consumer Cyclical,,219429191680.0,185.3,EQUITY,2026-10-10T01:55:02+00:00
C,"Citigroup, Inc.",NYQ,Financial Services,,217462898688.0,129.64,EQUITY,2026-10-10T01:55:02+00:00
APH,Amphenol Corporation,NYQ,Technology,,215130947584.0,87.24,EQUITY,2026-10-10T01:55:02+00:00
IBM,International Business Machines,NYQ,Technology,,213986983936.0,227.13,EQUITY,2026-10-10T01:55:02+00:00
AXP,American Express Company,NYQ,Financial Services,,208110239744.0,308.17,EQUITY,2026-10-10T01:55:02+00:00
ADI,"Analog Devices, Inc.",NMS,Technology,,196825645056.0,406.19,EQUITY,2026-10-10T01:55:02+00:00
SAN,"Banco Santander, S.A. Sponsored",NYQ,Financial Services,,195029041152.0,13.49,EQUITY,2026-10-10T01:55:02+00:00
TTE,TotalEnergies SE,NYQ,Energy,,190085644288.0,86.11,EQUITY,2026-10-10T01:55:02+00:00
CRM,"Salesforce, Inc.",NYQ,Technology,,188573990912.0,229.13,EQUITY,2026-10-10T01:55:02+00:00
TD,Toronto Dominion Bank (The),NYQ,Financial Services,,187960213504.0,115.1,EQUITY,2026-10-10T01:55:02+00:00
GILD,"Gilead Sciences, Inc.",NMS,Healthcare,,187444019200.0,151.17,EQUITY,2026-10-10T01:55:02+00:00
QCOM,QUALCOMM Incorporated,NMS,Technology,,187405828096.0,175.5,EQUITY,2026-10-10T01:55:02+00:00
DIS,Walt Disney Company (The),NYQ,Communication Services,,186568523776.0,108.05,EQUITY,2026-10-10T01:55:02+00:00
STX,Seagate Technology Holdings PLC,NMS,Technology,,178048729088.0,783.0,EQUITY,2026-10-10T01:55:02+00:00
SCCO,Southern Copper Corporation,NYQ,Basic Materials,,176645144576.0,209.21,EQUITY,2026-10-10T01:55:02+00:00
ABT,Abbott Laboratories,NYQ,Healthcare,,173484589056.0,99.6,EQUITY,2026-10-10T01:55:02+00:00
VZ,Verizon Communications Inc.,NYQ,Communication Services,,173046398976.0,41.65,EQUITY,2026-10-10T01:55:02+00:00
PEP,"Pepsico, Inc.",NMS,Consumer Defensive,,171664506880.0,125.97,EQUITY,2026-10-10T01:55:02+00:00
NVO,Novo Nordisk A/S,NYQ,Healthcare,,170570678272.0,38.64,EQUITY,2026-10-10T01:55:02+00:00
BLK,"BlackRock, Inc.",NYQ,Financial Services,,175862611968.0,1082.39,EQUITY,2026-10-10T01:55:02+00:00
DE,Deere & Company,NYQ,Industrials,,167418494976.0,620.93,EQUITY,2026-10-10T01:55:02+00:00
SCHW,Charles Schwab Corporation (The,NYQ,Financial Services,,167226753024.0,96.7,EQUITY,2026-10-10T01:55:02+00:00
ETN,"Eaton Corporation, PLC",NYQ,Industrials,,166833094656.0,429.65,EQUITY,2026-10-10T01:55:02+00:00
MCD,McDonald's Corporation,NYQ,Consumer Cyclical,,166458523648.0,235.23,EQUITY,2026-10-10T01:55:02+00:00
UNP,Union Pacific Corporation,NYQ,Industrials,,165354979328.0,278.34,EQUITY,2026-10-10T01:55:02+00:00
PBR,Petroleo Brasileiro S.A. Petrob,NYQ,Energy,,163042459648.0,25.3,EQUITY,2026-10-10T01:55:02+00:00
WELL,Welltower Inc.,NYQ,Real Estate,,162467381248.0,225.47,EQUITY,2026-10-10T01:55:02+00:00
NEE,"NextEra Energy, Inc.",NYQ,Utilities,,161384136704.0,77.38,EQUITY,2026-10-10T01:55:02+00:00
PFE,"Pfizer, Inc.",NYQ,Healthcare,,161186775040.0,28.28,EQUITY,2026-10-10T01:55:02+00:00
COP,ConocoPhillips,NYQ,Energy,,161099366400.0,134.1,EQUITY,2026-10-10T01:55:02+00:00
TMUS,"T-Mobile US, Inc.",NMS,Communication Services,,159377555456.0,148.58,EQUITY,2026-10-10T01:55:02+00:00
SMFG,Sumitomo Mitsui Financial Group,NYQ,Financial Services,,157621125120.0,25.13,EQUITY,2026-10-10T01:55:02+00:00
DHR,Danaher Corporation,NYQ,Healthcare,,154523369472.0,219.81,EQUITY,2026-10-10T01:55:02+00:00
RIO,Rio Tinto Plc,NYQ,Basic Materials,,154149208064.0,94.78,EQUITY,2026-10-10T01:55:02+00:00
PBR-A,Petroleo Brasileiro S.A. Petrob,NYQ,Energy,,153841172480.0,22.47,EQUITY,2026-10-10T01:55:02+00:00
TJX,"TJX Companies, Inc. (The)",NYQ,Consumer Cyclical,,153288769536.0,138.76,EQUITY,2026-10-10T01:55:02+00:00
BUD,Anheuser-Busch Inbev SA Sponsor,NYQ,Consumer Defensive,,152272732160.0,77.33,EQUITY,2026-10-10T01:55:02+00:00
T,AT&T Inc.,NYQ,Communication Services,,151985913856.0,22.18,EQUITY,2026-10-10T01:55:02+00:00
BA,Boeing Company (The),NYQ,Industrials,,150352789504.0,190.37,EQUITY,2026-10-10T01:55:02+00:00
ISRG,"Intuitive Surgical, Inc.",NMS,Healthcare,,149775761408.0,423.96,EQUITY,2026-10-10T01:55:02+00:00
WDC,Western Digital Corporation,NMS,Technology,,148711145472.0,397.28,EQUITY,2026-10-10T01:55:02+00:00
UBS,UBS Group AG Registered,NYQ,Financial Services,,147361644544.0,48.13,EQUITY,2026-10-10T01:55:02+00:00
UBER,"Uber Technologies, Inc.",NYQ,Technology,,146063474688.0,71.51,EQUITY,2026-10-10T01:55:02+00:00
NOW,"ServiceNow, Inc.",NYQ,Technology,,145629806592.0,140.86,EQUITY,2026-10-10T01:55:02+00:00
BBVA,Banco Bilbao Vizcaya Argentaria,NYQ,Financial Services,,143659548672.0,26.12,EQUITY,2026-10-10T01:55:02+00:00
FTNT,"Fortinet, Inc.",NMS,Technology,,142890729472.0,194.75,EQUITY,2026-10-10T01:55:02+00:00
SONY,Sony Group Corporation,NYQ,Technology,,140823199744.0,24.12,EQUITY,2026-10-10T01:55:02+00:00
GLW,Corning Incorporated,NYQ,Technology,,134688047104.0,156.68,EQUITY,2026-10-10T01:55:02+00:00
UL,Unilever PLC,NYQ,Consumer Defensive,,134079340544.0,62.26,EQUITY,2026-10-10T01:55:02+00:00
MPC,Marathon Petroleum Corporation,NYQ,Energy,,132839931904.0,455.03,EQUITY,2026-10-10T01:55:02+00:00
CB,Chubb Limited,NYQ,Financial Services,,131634921472.0,341.2,EQUITY,2026-10-10T01:55:02+00:00
SNOW,Snowflake Inc.,NYQ,Technology,,130144395264.0,368.89,EQUITY,2026-10-10T01:55:02+00:00
VRTX,Vertex Pharmaceuticals Incorpor,NMS,Healthcare,,129203257344.0,510.08,EQUITY,2026-10-10T01:55:02+00:00
NET,"Cloudflare, Inc.",NYQ,Technology,,128519847936.0,360.93,EQUITY,2026-10-10T01:55:02+00:00
MFG,"Mizuho Financial Group, Inc. Sp",NYQ,Financial Services,,128413237248.0,10.61,EQUITY,2026-10-10T01:55:02+00:00
ACN,Accenture plc,NYQ,Technology,,127932612608.0,209.06,EQUITY,2026-10-10T01:55:02+00:00
PGR,Progressive Corporation (The),NYQ,Financial Services,,126196367360.0,217.43,EQUITY,2026-10-10T01:55:02+00:00
VLO,Valero Energy Corporation,NYQ,Energy,,124888530944.0,433.75,EQUITY,2026-10-10T01:55:02+00:00
BKNG,Booking Holdings Inc. Common St,NMS,Consumer Cyclical,,124244008960.0,160.34,EQUITY,2026-10-10T01:55:02+00:00
NEM,Newmont Corporation,NYQ,Basic Materials,,124167094272.0,117.84,EQUITY,2026-10-10T01:55:02+00:00
PLD,"Prologis, Inc.",NYQ,Real Estate,,125876117504.0,129.49,EQUITY,2026-10-10T01:55:02+00:00
COF,Capital One Financial Corporati,NYQ,Financial Services,,122246012928.0,199.26,EQUITY,2026-10-10T01:55:02+00:00
PH,Parker-Hannifin Corporation,NYQ,Industrials,,121390768128.0,962.56,EQUITY,2026-10-10T01:55:02+00:00
BMY,Bristol-Myers Squibb Company,NYQ,Healthcare,,120765284352.0,59.12,EQUITY,2026-10-10T01:55:02+00:00
SPGI,S&P Global Inc.,NYQ,Financial Services,,120225341440.0,407.82,EQUITY,2026-10-10T01:55:02+00:00
MO,"Altria Group, Inc.",NYQ,Consumer Defensive,,119687241728.0,71.68,EQUITY,2026-10-10T01:55:02+00:00
BTI,British American Tobacco  Indus,NYQ,Consumer Defensive,,119384825856.0,55.5,EQUITY,2026-10-10T01:55:02+00:00
BP,BP p.l.c.,NYQ,Energy,,119121100800.0,46.25,EQUITY,2026-10-10T01:55:02+00:00
LMT,Lockheed Martin Corporation,NYQ,Industrials,,117608660992.0,509.59,EQUITY,2026-10-10T01:55:02+00:00
PDD,PDD Holdings Inc.,NMS,Consumer Cyclical,,115793297408.0,81.35,EQUITY,2026-10-10T01:55:02+00:00
HDB,HDFC Bank Limited,NYQ,Financial Services,,114507915264.0,22.28,EQUITY,2026-10-10T01:55:02+00:00
MDT,Medtronic plc.,NYQ,Healthcare,,113178124288.0,88.48,EQUITY,2026-10-10T01:55:02+00:00
BMO,Bank Of Montreal,NYQ,Financial Services,,113015046144.0,162.59,EQUITY,2026-10-10T01:55:02+00:00
ITUB,Itau Unibanco Banco Holding SA,NYQ,Financial Services,,111982215168.0,10.16,EQUITY,2026-10-10T01:55:02+00:00
PSX,Phillips 66,NYQ,Energy,,110999642112.0,278.18,EQUITY,2026-10-10T01:55:02+00:00
CVS,CVS Health Corporation,NYQ,Healthcare,,110196088832.0,86.16,EQUITY,2026-10-10T01:55:02+00:00
MCK,McKesson Corporation,NYQ,Healthcare,,109459693568.0,938.84,EQUITY,2026-10-10T01:55:02+00:00
SPOT,Spotify Technology S.A.,NYQ,Communication Services,,108801802240.0,529.14,EQUITY,2026-10-10T01:55:02+00:00
BNS,Bank Nova Scotia Halifax Pfd 3,NYQ,Financial Services,,107626536960.0,88.45,EQUITY,2026-10-10T01:55:02+00:00
ADP,"Automatic Data Processing, Inc.",NMS,Technology,,107336622080.0,270.88,EQUITY,2026-10-10T01:55:02+00:00
SYK,Stryker Corporation,NYQ,Healthcare,,106376306688.0,277.33,EQUITY,2026-10-10T01:55:02+00:00
PWR,"Quanta Services, Inc.",NYQ,Industrials,,106133413888.0,705.94,EQUITY,2026-10-10T01:55:02+00:00
FCX,"Freeport-McMoRan, Inc.",NYQ,Basic Materials,,105820135424.0,73.69,EQUITY,2026-10-10T01:55:02+00:00
CEG,Constellation Energy Corporatio,NMS,Utilities,,105608404992.0,298.07,EQUITY,2026-10-10T01:55:02+00:00
DDOG,"Datadog, Inc.",NMS,Technology,,105302343680.0,293.26,EQUITY,2026-10-10T01:55:02+00:00
TT,Trane Technologies plc,NYQ,Industrials,,104946663424.0,476.98,EQUITY,2026-10-10T01:55:02+00:00
LOW,"Lowe's Companies, Inc.",NYQ,Consumer Cyclical,,104356044800.0,186.0,EQUITY,2026-10-10T01:55:02+00:00
ENB,Enbridge Inc,NYQ,Energy,,103864107008.0,46.6,EQUITY,2026-10-10T01:55:02+00:00
SBUX,Starbucks Corporation,NMS,Consumer Cyclical,,103454998528.0,90.75,EQUITY,2026-10-10T01:55:02+00:00
CNQ,Canadian Natural Resources Limi,NYQ,Energy,,102353477632.0,49.65,EQUITY,2026-10-10T01:55:02+00:00
ASX,"ASE Technology Holding Co., Ltd",NYQ,Technology,,102091014144.0,46.43,EQUITY,2026-10-10T01:55:02+00:00
EQNR,Equinor ASA,NYQ,Energy,,101896052736.0,43.01,EQUITY,2026-10-10T01:55:02+00:00
EQIX,"Equinix, Inc.",NMS,Real Estate,,101243076608.0,1026.06,EQUITY,2026-10-10T01:55:02+00:00
CME,CME Group Inc.,NMS,Financial Services,,100883554304.0,280.56,EQUITY,2026-10-10T01:55:02+00:00
IBN,ICICI Bank Limited,NYQ,Financial Services,,100106870784.0,27.89,EQUITY,2026-10-10T01:55:02+00:00
HCA,"HCA Healthcare, Inc.",NYQ,Healthcare,,100069720064.0,451.09,EQUITY,2026-10-10T01:55:02+00:00
LITE,Lumentum Holdings Inc.,NMS,Technology,,99944595456.0,1103.35,EQUITY,2026-10-10T01:55:02+00:00
CM,Canadian Imperial Bank of Comme,NYQ,Financial Services,,99146547200.0,109.2,EQUITY,2026-10-10T01:55:02+00:00
SO,Southern Company (The),NYQ,Utilities,,99126779904.0,86.17,EQUITY,2026-10-10T01:55:02+00:00
HOOD,"Robinhood Markets, Inc.",NMS,Financial Services,,98017951744.0,109.02,EQUITY,2026-10-10T01:55:02+00:00
ABNB,"Airbnb, Inc.",NMS,Consumer Cyclical,,99320578048.0,165.87,EQUITY,2026-10-10T01:55:02+00:00
SNPS,"Synopsys, Inc.",NMS,Technology,,97732771840.0,509.99,EQUITY,2026-10-10T01:55:02+00:00
HPE,Hewlett Packard Enterprise Comp,NYQ,Technology,,97515569152.0,73.46,EQUITY,2026-10-10T01:55:02+00:00
CDNS,"Cadence Design Systems, Inc.",NMS,Technology,,97318920192.0,352.84,EQUITY,2026-10-10T01:55:02+00:00
BNY,The Bank of New York Mellon Cor,NYQ,Financial Services,,96829325312.0,142.71,EQUITY,2026-10-10T01:55:02+00:00
SNY,Sanofi,NMS,Healthcare,,96013230080.0,40.07,EQUITY,2026-10-10T01:55:02+00:00
MELI,"MercadoLibre, Inc.",NMS,Consumer Cyclical,,95809347584.0,1889.85,EQUITY,2026-10-10T01:55:02+00:00
AEM,Agnico Eagle Mines Limited,NYQ,Basic Materials,,95713091584.0,189.02,EQUITY,2026-10-10T01:55:02+00:00
MAR,Marriott International,NMS,Consumer Cyclical,,95409168384.0,365.88,EQUITY,2026-10-10T01:55:02+00:00
JCI,Johnson Controls International ,NYQ,Industrials,,95367929856.0,157.44,EQUITY,2026-10-10T01:55:02+00:00
ING,"ING Group, N.V.",NYQ,Financial Services,,94935097344.0,33.37,EQUITY,2026-10-10T01:55:02+00:00
ADBE,Adobe Inc.,NMS,Technology,,94291484672.0,242.27,EQUITY,2026-10-10T01:55:02+00:00
VRT,"Vertiv Holdings, LLC",NYQ,Industrials,,93467426816.0,242.78,EQUITY,2026-10-10T01:55:02+00:00
GSK,GSK plc,NYQ,Healthcare,,93163462656.0,46.5,EQUITY,2026-10-10T01:55:02+00:00
APP,Applovin Corporation,NMS,Communication Services,,92711583744.0,277.04,EQUITY,2026-10-10T01:55:02+00:00
DUK,Duke Energy Corporation (Holdin,NYQ,Utilities,,90952261632.0,116.65,EQUITY,2026-10-10T01:55:02+00:00
EMR,Emerson Electric Company,NYQ,Industrials,,90640982016.0,161.83,EQUITY,2026-10-10T01:55:02+00:00
HWM,Howmet Aerospace Inc.,NYQ,Industrials,,89834004480.0,225.26,EQUITY,2026-10-10T01:55:02+00:00
MRNA,"Moderna, Inc.",NMS,Healthcare,,89828081664.0,225.0,EQUITY,2026-10-10T01:55:02+00:00
GD,General Dynamics Corporation,NYQ,Industrials,,89627475968.0,331.27,EQUITY,2026-10-10T01:55:02+00:00
ELV,"Elevance Health, Inc.",NYQ,Healthcare,,89501958144.0,412.7,EQUITY,2026-10-10T01:55:02+00:00
USB,U.S. Bancorp,NYQ,Financial Services,,88933580800.0,57.08,EQUITY,2026-10-10T01:55:02+00:00
WMB,"Williams Companies, Inc. (The)",NYQ,Energy,,88887582720.0,72.67,EQUITY,2026-10-10T01:55:02+00:00
ICE,Intercontinental Exchange Inc.,NYQ,Financial Services,,87684210688.0,156.19,EQUITY,2026-10-10T01:55:02+00:00
CSX,CSX Corporation,NMS,Industrials,,87547961344.0,47.26,EQUITY,2026-10-10T01:55:02+00:00
PNC,"PNC Financial Services Group, I",NYQ,Financial Services,,87452450816.0,219.21,EQUITY,2026-10-10T01:55:02+00:00
BX,Blackstone Inc.,NYQ,Financial Services,,136610586624.0,114.29,EQUITY,2026-10-10T01:55:02+00:00
MNST,Monster Beverage Corporation,NMS,Consumer Defensive,,85493014528.0,43.64,EQUITY,2026-10-10T01:55:02+00:00
DASH,"DoorDash, Inc.",NMS,Consumer Cyclical,,85143044096.0,196.5,EQUITY,2026-10-10T01:55:02+00:00
AMT,American Tower Corporation (REI,NYQ,Real Estate,,84916568064.0,182.24,EQUITY,2026-10-10T01:55:02+00:00
SU,Suncor Energy  Inc.,NYQ,Energy,,84482351104.0,72.23,EQUITY,2026-10-10T01:55:02+00:00
MRSH,Marsh,NYQ,Financial Services,,83874652160.0,175.76,EQUITY,2026-10-10T01:55:02+00:00
WM,"Waste Management, Inc.",NYQ,Industrials,,83472523264.0,208.83,EQUITY,2026-10-10T01:55:02+00:00
BN,Brookfield Corporation,NYQ,Financial Services,,82797920256.0,37.09,EQUITY,2026-10-10T01:55:02+00:00
BE,Bloom Energy Corporation,NYQ,Industrials,,82614927360.0,280.5,EQUITY,2026-10-10T01:55:02+00:00
MMM,3M Company,NYQ,Industrials,,82494963712.0,159.96,EQUITY,2026-10-10T01:55:02+00:00
KKR,KKR & Co. Inc.,NYQ,Financial Services,,84000555008.0,90.95,EQUITY,2026-10-10T01:55:02+00:00
INTU,Intuit Inc.,NMS,Technology,,80905699328.0,302.75,EQUITY,2026-10-10T01:55:02+00:00
UPS,"United Parcel Service, Inc.",NYQ,Industrials,,80458416128.0,94.57,EQUITY,2026-10-10T01:55:02+00:00
MCO,Moody's Corporation,NYQ,Financial Services,,80395812864.0,464.23,EQUITY,2026-10-10T01:55:02+00:00
CTAS,Cintas Corporation,NMS,Industrials,,80371974144.0,202.41,EQUITY,2026-10-10T01:55:02+00:00
E,ENI S.p.A.,NYQ,Energy,,80188555264.0,56.0,EQUITY,2026-10-10T01:55:02+00:00
NTES,"NetEase, Inc.",NMS,Communication Services,,79554650112.0,124.24,EQUITY,2026-10-10T01:55:02+00:00
ECL,Ecolab Inc.,NYQ,Basic Materials,,79005007872.0,281.83,EQUITY,2026-10-10T01:55:02+00:00
EOG,"EOG Resources, Inc.",NYQ,Energy,,78914248704.0,148.16,EQUITY,2026-10-10T01:55:02+00:00
EPD,Enterprise Products Partners L.,NYQ,Energy,,77913939968.0,36.08,EQUITY,2026-10-10T01:55:02+00:00
NU,Nu Holdings Ltd.,NYQ,Financial Services,,77870710784.0,16.12,EQUITY,2026-10-10T01:55:02+00:00
LYG,Lloyds Banking Group Plc,NYQ,Financial Services,,77679255552.0,5.41,EQUITY,2026-10-10T01:55:02+00:00
WBD,"Warner Bros. Discovery, Inc. - ",NMS,Communication Services,,77595885568.0,30.95,EQUITY,2026-10-10T01:55:02+00:00
MDLZ,"Mondelez International, Inc.",NMS,Consumer Defensive,,77545283584.0,60.41,EQUITY,2026-10-10T01:55:02+00:00
SHW,Sherwin-Williams Company (The),NYQ,Basic Materials,,77527236608.0,319.36,EQUITY,2026-10-10T01:55:02+00:00
TRV,"The Travelers Companies, Inc.",NYQ,Financial Services,,76912041984.0,368.75,EQUITY,2026-10-10T01:55:02+00:00
NGG,"National Grid Transco, PLC Nati",NYQ,Utilities,,76891602944.0,76.48,EQUITY,2026-10-10T01:55:02+00:00
REGN,"Regeneron Pharmaceuticals, Inc.",NMS,Healthcare,,76860014592.0,746.54,EQUITY,2026-10-10T01:55:02+00:00
BCS,Barclays PLC,NYQ,Financial Services,,76573523968.0,22.95,EQUITY,2026-10-10T01:55:02+00:00
RCL,Royal Caribbean Cruises Ltd.,NYQ,Consumer Cyclical,,75491024896.0,282.26,EQUITY,2026-10-10T01:55:02+00:00
ITW,Illinois Tool Works Inc.,NYQ,Industrials,,75224227840.0,264.13,EQUITY,2026-10-10T01:55:02+00:00
CI,The Cigna Group,NYQ,Healthcare,,74629439488.0,282.43,EQUITY,2026-10-10T01:55:02+00:00
CP,Canadian Pacific Kansas City Li,NYQ,Industrials,,74247028736.0,84.46,EQUITY,2026-10-10T01:55:02+00:00
MSI,"Motorola Solutions, Inc.",NYQ,Technology,,73509027840.0,444.18,EQUITY,2026-10-10T01:55:02+00:00
HLT,Hilton Worldwide Holdings Inc.,NYQ,Consumer Cyclical,,73497198592.0,326.56,EQUITY,2026-10-10T01:55:02+00:00
CMCSA,Comcast Corporation,NMS,Communication Services,,73314836480.0,20.66,EQUITY,2026-10-10T01:55:02+00:00
BAM,Brookfield Asset Management Inc,NYQ,Financial Services,,73281904640.0,45.88,EQUITY,2026-10-10T01:55:02+00:00
SLB,SLB Limited,NYQ,Energy,,72648810496.0,48.95,EQUITY,2026-10-10T01:55:02+00:00
GM,General Motors Company,NYQ,Consumer Cyclical,,72591564800.0,82.73,EQUITY,2026-10-10T01:55:02+00:00
KMI,"Kinder Morgan, Inc.",NYQ,Energy,,72284594176.0,32.49,EQUITY,2026-10-10T01:55:02+00:00
CMI,Cummins Inc.,NYQ,Industrials,,72222105600.0,523.39,EQUITY,2026-10-10T01:55:02+00:00
NSC,Norfolk Southern Corporation,NYQ,Industrials,,71378296832.0,317.79,EQUITY,2026-10-10T01:55:02+00:00
CNI,Canadian National Railway Compa,NYQ,Industrials,,71150895104.0,117.78,EQUITY,2026-10-10T01:55:02+00:00
ROST,"Ross Stores, Inc.",NMS,Consumer Cyclical,,71049568256.0,222.41,EQUITY,2026-10-10T01:55:02+00:00
CL,Colgate-Palmolive Company,NYQ,Consumer Defensive,,70366437376.0,88.27,EQUITY,2026-10-10T01:55:02+00:00
ET,Energy Transfer LP,ASE,Energy,,70277742592.0,20.41,EQUITY,2026-10-10T01:55:02+00:00
MFC,Manulife Financial Corporation,NYQ,Financial Services,,70191800320.0,42.43,EQUITY,2026-10-10T01:55:02+00:00
APO,"Apollo Global Management, Inc. ",NYQ,Financial Services,,70067945472.0,118.65,EQUITY,2026-10-10T01:55:02+00:00
ORLY,"O'Reilly Automotive, Inc.",NMS,Consumer Cyclical,,69934653440.0,86.45,EQUITY,2026-10-10T01:55:02+00:00
TGT,Target Corporation,NYQ,Consumer Defensive,,69797339136.0,153.64,EQUITY,2026-10-10T01:55:02+00:00
FDX,FedEx Corporation,NYQ,Industrials,,69039128576.0,291.71,EQUITY,2026-10-10T01:55:02+00:00
RACE,Ferrari N.V.,NYQ,Consumer Cyclical,,68390203392.0,389.91,EQUITY,2026-10-10T01:55:02+00:00
NOC,Northrop Grumman Corporation,NYQ,Industrials,,68292538368.0,480.72,EQUITY,2026-10-10T01:55:02+00:00
MPWR,"Monolithic Power Systems, Inc.",NMS,Technology,,68126449664.0,1386.29,EQUITY,2026-10-10T01:55:02+00:00
NWG,NatWest Group plc,NYQ,Financial Services,,67860758528.0,17.13,EQUITY,2026-10-10T01:55:02+00:00
B,Barrick Mining Corporation,NYQ,Basic Materials,,67580014592.0,41.06,EQUITY,2026-10-10T01:55:02+00:00
AEP,American Electric Power Company,NMS,Utilities,,66857439232.0,122.81,EQUITY,2026-10-10T01:55:02+00:00
RSG,"Republic Services, Inc.",NYQ,Industrials,,66411474944.0,216.88,EQUITY,2026-10-10T01:55:02+00:00
DLR,"Digital Realty Trust, Inc.",NYQ,Real Estate,,67511164928.0,178.76,EQUITY,2026-10-10T01:55:02+00:00
HON,Honeywell International Inc.,NMS,Industrials,,65837944832.0,207.73,EQUITY,2026-10-10T01:55:02+00:00
URI,"United Rentals, Inc.",NYQ,Industrials,,65751097344.0,1056.37,EQUITY,2026-10-10T01:55:02+00:00
KEYS,Keysight Technologies Inc.,NYQ,Technology,,65161179136.0,382.75,EQUITY,2026-10-10T01:55:02+00:00
SPG,"Simon Property Group, Inc.",NYQ,Real Estate,,75704516608.0,199.42,EQUITY,2026-10-10T01:55:02+00:00
CIEN,Ciena Corporation,NYQ,Technology,,63781220352.0,449.77,EQUITY,2026-10-10T01:55:02+00:00
AMX,"America Movil, S.A.B. de C.V.",NYQ,Communication Services,,63675056128.0,21.32,EQUITY,2026-10-10T01:55:02+00:00
TEL,TE Connectivity plc,NYQ,Technology,,63291146240.0,218.29,EQUITY,2026-10-10T01:55:02+00:00
DB,Deutsche Bank AG,NYQ,Financial Services,,63284723712.0,33.68,EQUITY,2026-10-10T01:55:02+00:00
WPM,Wheaton Precious Metals Corp,NYQ,Basic Materials,,62969278464.0,138.65,EQUITY,2026-10-10T01:55:02+00:00
TER,"Teradyne, Inc.",NMS,Technology,,62955294720.0,402.68,EQUITY,2026-10-10T01:55:02+00:00
RELX,RELX PLC PLC,NYQ,Industrials,,62780858368.0,36.13,EQUITY,2026-10-10T01:55:02+00:00
APD,"Air Products and Chemicals, Inc",NYQ,Basic Materials,,62632534016.0,281.26,EQUITY,2026-10-10T01:55:02+00:00
TRP,TC Energy Corporation,NYQ,Energy,,62558101504.0,60.05,EQUITY,2026-10-10T01:55:02+00:00
MET,"MetLife, Inc.",NYQ,Financial Services,,62486446080.0,98.33,EQUITY,2026-10-10T01:55:02+00:00
TDG,Transdigm Group Incorporated,NYQ,Industrials,,61973852160.0,1107.99,EQUITY,2026-10-10T01:55:02+00:00
BSX,Boston Scientific Corporation,NYQ,Healthcare,,61925580800.0,42.73,EQUITY,2026-10-10T01:55:02+00:00
COR,"Cencora, Inc.",NYQ,Healthcare,,61799378944.0,323.85,EQUITY,2026-10-10T01:55:02+00:00
MSTR,Strategy Inc,NMS,Technology,,61543198720.0,154.34,EQUITY,2026-10-10T01:55:02+00:00
TRGP,"Targa Resources, Inc.",NYQ,Energy,,61477376000.0,286.7,EQUITY,2026-10-10T01:55:02+00:00
COHR,Coherent Corp.,NYQ,Technology,,61221072896.0,312.62,EQUITY,2026-10-10T01:55:02+00:00
IMO,Imperial Oil Limited,ASE,Energy,,61165244416.0,123.01,EQUITY,2026-10-10T01:55:02+00:00
GWW,"W.W. Grainger, Inc.",NYQ,Industrials,,60895010816.0,1289.79,EQUITY,2026-10-10T01:55:02+00:00
FIX,"Comfort Systems USA, Inc.",NYQ,Industrials,,60382556160.0,1715.69,EQUITY,2026-10-10T01:55:02+00:00
OXY,Occidental Petroleum Corporatio,NYQ,Energy,,60088205312.0,60.11,EQUITY,2026-10-10T01:55:02+00:00
TAK,Takeda Pharmaceutical Company L,NYQ,Healthcare,,59834339328.0,18.73,EQUITY,2026-10-10T01:55:02+00:00
AJG,Arthur J. Gallagher & Co.,NYQ,Financial Services,,59650547712.0,232.7,EQUITY,2026-10-10T01:55:02+00:00
ALAB,"Astera Labs, Inc.",NMS,Technology,,59368337408.0,342.21,EQUITY,2026-10-10T01:55:02+00:00
SE,Sea Limited,NYQ,Consumer Cyclical,,58339151872.0,95.25,EQUITY,2026-10-10T01:55:02+00:00
FAST,Fastenal Company,NMS,Industrials,,58235502592.0,50.75,EQUITY,2026-10-10T01:55:02+00:00
ALL,Allstate Corporation (The),NYQ,Financial Services,,58013196288.0,229.43,EQUITY,2026-10-10T01:55:02+00:00
AON,Aon plc,NYQ,Financial Services,,58009944064.0,273.47,EQUITY,2026-10-10T01:55:02+00:00
NOK,Nokia Corporation Sponsored,NYQ,Technology,,58001956864.0,10.36,EQUITY,2026-10-10T01:55:02+00:00
VALE,VALE S.A.,NYQ,Basic Materials,,57963487232.0,13.62,EQUITY,2026-10-10T01:55:02+00:00
CVE,Cenovus Energy Inc,NYQ,Energy,,57890848768.0,31.39,EQUITY,2026-10-10T01:55:02+00:00
NTRA,"Natera, Inc.",NMS,Healthcare,,57760010240.0,400.71,EQUITY,2026-10-10T01:55:02+00:00
UMC,United Microelectronics Corpora,NYQ,Technology,,57581580288.0,22.96,EQUITY,2026-10-10T01:55:02+00:00
LNG,"Cheniere Energy, Inc.",NYQ,Energy,,57453670400.0,278.18,EQUITY,2026-10-10T01:55:02+00:00
AFL,AFLAC Incorporated,NYQ,Financial Services,,57423859712.0,114.54,EQUITY,2026-10-10T01:55:02+00:00
NXPI,NXP Semiconductors N.V.,NMS,Technology,,57372393472.0,227.52,EQUITY,2026-10-10T01:55:02+00:00
MPLX,MPLX LP,NYQ,Energy,,57129504768.0,56.3,EQUITY,2026-10-10T01:55:02+00:00
AME,"AMETEK, Inc.",NYQ,Industrials,,56975282176.0,248.58,EQUITY,2026-10-10T01:55:02+00:00
PCAR,PACCAR Inc.,NMS,Industrials,,56868470784.0,108.04,EQUITY,2026-10-10T01:55:02+00:00
NUE,Nucor Corporation,NYQ,Basic Materials,,56793788416.0,250.33,EQUITY,2026-10-10T01:55:02+00:00
OKE,"ONEOK, Inc.",NYQ,Energy,,56610750464.0,89.8,EQUITY,2026-10-10T01:55:02+00:00
TFC,Truist Financial Corporation,NYQ,Financial Services,,56329187328.0,46.11,EQUITY,2026-10-10T01:55:02+00:00
BKR,Baker Hughes Company,NMS,Energy,,56284618752.0,56.7,EQUITY,2026-10-10T01:55:02+00:00
NBIS,Nebius Group N.V.,NMS,Communication Services,,56129273856.0,221.07,EQUITY,2026-10-10T01:55:02+00:00
CAH,"Cardinal Health, Inc.",NYQ,Healthcare,,55011553280.0,237.57,EQUITY,2026-10-10T01:55:02+00:00
CRH,CRH PLC,NYQ,Basic Materials,,54247297024.0,81.54,EQUITY,2026-10-10T01:55:02+00:00
D,"Dominion Energy, Inc.",NYQ,Utilities,,54213980160.0,61.64,EQUITY,2026-10-10T01:55:02+00:00
VST,Vistra Corp.,NYQ,Utilities,,54198370304.0,161.48,EQUITY,2026-10-10T01:55:02+00:00
PSA,Public Storage,NYQ,Real Estate,,54161002496.0,289.86,EQUITY,2026-10-10T01:55:02+00:00
FANG,"Diamondback Energy, Inc.",NMS,Energy,,54048727040.0,192.13,EQUITY,2026-10-10T01:55:02+00:00
DAL,"Delta Air Lines, Inc.",NYQ,Industrials,,54036885504.0,82.17,EQUITY,2026-10-10T01:55:02+00:00
SRE,DBA Sempra,NYQ,Utilities,,53188251648.0,81.34,EQUITY,2026-10-10T01:55:02+00:00
DVN,Devon Energy Corporation,NYQ,Energy,,53085999104.0,48.26,EQUITY,2026-10-10T01:55:02+00:00
NDAQ,"Nasdaq, Inc.",NMS,Financial Services,,52348227584.0,93.65,EQUITY,2026-10-10T01:55:02+00:00
TEAM,Atlassian Corporation,NMS,Technology,,52346572800.0,206.79,EQUITY,2026-10-10T01:55:02+00:00
VYLR,Vylor Inc.,NYQ,Financial Services,,52049588224.0,73.15,EQUITY,2026-10-10T01:55:02+00:00
ARGX,argenx SE,NMS,Healthcare,,51882897408.0,825.03,EQUITY,2026-10-10T01:55:02+00:00
HUM,Humana Inc.,NYQ,Healthcare,,51859079168.0,431.87,EQUITY,2026-10-10T01:55:02+00:00
GRMN,Garmin Ltd.,NYQ,Technology,,51754889216.0,268.36,EQUITY,2026-10-10T01:55:02+00:00
NKE,"Nike, Inc.",NYQ,Consumer Cyclical,,51555065856.0,34.71,EQUITY,2026-10-10T01:55:02+00:00
P,"Everpure, Inc.",NYQ,Technology,,51480281088.0,154.49,EQUITY,2026-10-10T01:55:02+00:00
O,Realty Income Corporation,NYQ,Real Estate,,51266093056.0,54.18,EQUITY,2026-10-10T01:55:02+00:00
HONA,Honeywell Aerospace Inc.,NMS,Industrials,,50059513856.0,157.94,EQUITY,2026-10-10T01:55:02+00:00
BDX,"Becton, Dickinson and Company",NYQ,Healthcare,,50051076096.0,183.75,EQUITY,2026-10-10T01:55:02+00:00
EBAY,eBay Inc.,NMS,Consumer Cyclical,,49924550656.0,112.19,EQUITY,2026-10-10T01:55:02+00:00
ADSK,"Autodesk, Inc.",NMS,Technology,,49188151296.0,235.35,EQUITY,2026-10-10T01:55:02+00:00
ABEV,Ambev S.A.,NYQ,Consumer Defensive,,49178595328.0,3.19,EQUITY,2026-10-10T01:55:02+00:00
ETR,Entergy Corporation,NYQ,Utilities,,49115525120.0,102.8,EQUITY,2026-10-10T01:55:02+00:00
EW,Edwards Lifesciences Corporatio,NYQ,Healthcare,,49063915520.0,85.21,EQUITY,2026-10-10T01:55:02+00:00
F,Ford Motor Company,NYQ,Consumer Cyclical,,48529039360.0,12.17,EQUITY,2026-10-10T01:55:02+00:00
MT,Arcelor Mittal NY Registry Shar,NYQ,Basic Materials,,48239026176.0,64.11,EQUITY,2026-10-10T01:55:02+00:00
DEO,Diageo plc,NYQ,Consumer Defensive,,48234467328.0,86.73,EQUITY,2026-10-10T01:55:02+00:00
WAB,Westinghouse Air Brake Technolo,NYQ,Industrials,,48212221952.0,285.43,EQUITY,2026-10-10T01:55:02+00:00
A,"Agilent Technologies, Inc.",NYQ,Healthcare,,48080146432.0,170.54,EQUITY,2026-10-10T01:55:02+00:00
STT,State Street Corporation,NYQ,Financial Services,,48061820928.0,174.96,EQUITY,2026-10-10T01:55:02+00:00
ROK,"Rockwell Automation, Inc.",NYQ,Industrials,,48038543360.0,432.59,EQUITY,2026-10-10T01:55:02+00:00
VEEV,Veeva Systems Inc.,NYQ,Healthcare,,47946067968.0,296.13,EQUITY,2026-10-10T01:55:02+00:00
TEVA,Teva Pharmaceutical Industries ,NYQ,Healthcare,,47934623744.0,41.1,EQUITY,2026-10-10T01:55:02+00:00
PYPL,"PayPal Holdings, Inc.",NMS,Financial Services,,47866859520.0,55.53,EQUITY,2026-10-10T01:55:02+00:00
AU,AngloGold Ashanti PLC,NYQ,Basic Materials,,47623233536.0,94.16,EQUITY,2026-10-10T01:55:02+00:00
AZO,"AutoZone, Inc.",NYQ,Consumer Cyclical,,47546195968.0,2939.85,EQUITY,2026-10-10T01:55:02+00:00
COIN,"Coinbase Global, Inc.",NMS,Financial Services,,47329705984.0,179.39,EQUITY,2026-10-10T01:55:02+00:00
VMRK,Vivmark Residential,NYQ,Real Estate,,47324332032.0,61.16,EQUITY,2026-10-10T01:55:02+00:00
FNV,Franco-Nevada Corporation,NYQ,Basic Materials,,47220678656.0,244.85,EQUITY,2026-10-10T01:55:02+00:00
STM,STMicroelectronics N.V.,NYQ,Technology,,46630060032.0,52.06,EQUITY,2026-10-10T01:55:02+00:00
NTAP,"NetApp, Inc.",NMS,Technology,,46580764672.0,237.15,EQUITY,2026-10-10T01:55:02+00:00
XYZ,"Block, Inc.",NYQ,Technology,,46405406720.0,77.24,EQUITY,2026-10-10T01:55:02+00:00
SKYD,Paramount Skydance Corporation,NYQ,Communication Services,,46186348544.0,9.16,EQUITY,2026-10-10T01:55:02+00:00
CARR,Carrier Global Corporation,NYQ,Industrials,,46147047424.0,55.56,EQUITY,2026-10-10T01:55:02+00:00
XEL,Xcel Energy Inc.,NMS,Utilities,,46082396160.0,73.775,EQUITY,2026-10-10T01:55:02+00:00
FITB,Fifth Third Bancorp,NYQ,Financial Services,,45908856832.0,50.64,EQUITY,2026-10-10T01:55:02+00:00
CVNA,Carvana Co.,NYQ,Consumer Cyclical,,70642393088.0,63.73,EQUITY,2026-10-10T01:55:02+00:00
CCEP,Coca-Cola Europacific Partners ,NMS,Consumer Defensive,,45833646080.0,104.25,EQUITY,2026-10-10T01:55:02+00:00
CLS,"Celestica, Inc.",NYQ,Technology,,45672402944.0,362.16,EQUITY,2026-10-10T01:55:02+00:00
BBD,Banco Bradesco Sa,NYQ,Financial Services,,45533462528.0,4.3,EQUITY,2026-10-10T01:55:02+00:00
CRWV,"CoreWeave, Inc.",NMS,Technology,,45270122496.0,82.08,EQUITY,2026-10-10T01:55:02+00:00
WDAY,"Workday, Inc.",NMS,Technology,,44968189952.0,186.59,EQUITY,2026-10-10T01:55:02+00:00
TRI,Thomson Reuters Corp,NMS,Industrials,,44715876352.0,103.21,EQUITY,2026-10-10T01:55:02+00:00
TWLO,Twilio Inc.,NYQ,Technology,,44455419904.0,289.47,EQUITY,2026-10-10T01:55:02+00:00
FLEX,Flex Ltd.,NMS,Technology,,44272447488.0,119.83,EQUITY,2026-10-10T01:55:02+00:00
AMP,"Ameriprise Financial, Inc.",NYQ,Financial Services,,44245086208.0,500.51,EQUITY,2026-10-10T01:55:02+00:00
LHX,"L3Harris Technologies, Inc.",NYQ,Industrials,,44127281152.0,236.97,EQUITY,2026-10-10T01:55:02+00:00
RKLB,Rocket Lab Corporation,NMS,Industrials,,43614224384.0,68.21,EQUITY,2026-10-10T01:55:02+00:00
BSBR,Banco Santander Brasil SA,NYQ,Financial Services,,43502534656.0,5.81,EQUITY,2026-10-10T01:55:02+00:00
INFY,Infosys Limited,NYQ,Technology,,43460186112.0,10.73,EQUITY,2026-10-10T01:55:02+00:00
KDP,Keurig Dr Pepper Inc.,NMS,Consumer Defensive,,43219832832.0,31.76,EQUITY,2026-10-10T01:55:02+00:00
KB,KB Financial Group Inc,NYQ,Financial Services,,43210629120.0,123.07,EQUITY,2026-10-10T01:55:02+00:00
EXC,Exelon Corporation,NMS,Utilities,,43023405056.0,41.76,EQUITY,2026-10-10T01:55:02+00:00
SLF,Sun Life Financial Inc.,NYQ,Financial Services,,42808410112.0,76.99,EQUITY,2026-10-10T01:55:02+00:00
IQV,"IQVIA Holdings, Inc.",NYQ,Healthcare,,42776248320.0,259.88,EQUITY,2026-10-10T01:55:02+00:00
JBS,JBS N.V.,NYQ,Consumer Defensive,,42695938048.0,12.98,EQUITY,2026-10-10T01:55:02+00:00
WAT,Waters Corporation,NYQ,Healthcare,,42590076928.0,433.77,EQUITY,2026-10-10T01:55:02+00:00
FERG,Ferguson Enterprises Inc.,NYQ,Industrials,,42567335936.0,220.04,EQUITY,2026-10-10T01:55:02+00:00
HMC,"Honda Motor Company, Ltd.",NYQ,Consumer Cyclical,,42429128704.0,32.7,EQUITY,2026-10-10T01:55:02+00:00
VTR,"Ventas, Inc.",NYQ,Real Estate,,42082119680.0,82.04,EQUITY,2026-10-10T01:55:02+00:00
ILMN,"Illumina, Inc.",NMS,Healthcare,,42003673088.0,278.17,EQUITY,2026-10-10T01:55:02+00:00
HEI,Heico Corporation,NYQ,Industrials,,41686839296.0,298.28,EQUITY,2026-10-10T01:55:02+00:00
BBDO,Banco Bradesco Sa,NYQ,Financial Services,,41509572608.0,3.92,EQUITY,2026-10-10T01:55:02+00:00
MSCI,MSCI Inc.,NYQ,Financial Services,,41084223488.0,565.12,EQUITY,2026-10-10T01:55:02+00:00
MCHP,Microchip Technology Incorporat,NMS,Technology,,41024307200.0,75.55,EQUITY,2026-10-10T01:55:02+00:00
HLN,Haleon plc,NYQ,Healthcare,,40985997312.0,9.32,EQUITY,2026-10-10T01:55:02+00:00
IDXX,"IDEXX Laboratories, Inc.",NMS,Healthcare,,40861392896.0,518.0,EQUITY,2026-10-10T01:55:02+00:00
CRDO,Credo Technology Group Holding ,NMS,Technology,,40700989440.0,216.55,EQUITY,2026-10-10T01:55:02+00:00
RVMD,"Revolution Medicines, Inc.",NMS,Healthcare,,40672477184.0,189.76,EQUITY,2026-10-10T01:55:02+00:00
FMX,Fomento Economico Mexicano S.A.,NYQ,Consumer Defensive,,40622858240.0,119.24,EQUITY,2026-10-10T01:55:02+00:00
OKTA,"Okta, Inc.",NMS,Technology,,40581181440.0,232.13,EQUITY,2026-10-10T01:55:02+00:00
ONC,BeOne Medicines Ltd.,NMS,Healthcare,,40327520256.0,354.47,EQUITY,2026-10-10T01:55:02+00:00
AIG,"American International Group, I",NYQ,Financial Services,,40283693056.0,77.04,EQUITY,2026-10-10T01:55:02+00:00
CMG,"Chipotle Mexican Grill, Inc.",NYQ,Consumer Cyclical,,39974555648.0,31.59,EQUITY,2026-10-10T01:55:02+00:00
TTWO,"Take-Two Interactive Software, ",NMS,Communication Services,,39909105664.0,213.44,EQUITY,2026-10-10T01:55:02+00:00
IBKR,"Interactive Brokers Group, Inc.",NMS,Financial Services,,149714272256.0,87.87,EQUITY,2026-10-10T01:55:02+00:00
UI,Ubiquiti Inc.,NYQ,Technology,,39784697856.0,657.29,EQUITY,2026-10-10T01:55:02+00:00
IX,ORIX Corporation,NYQ,Financial Services,,39776935936.0,36.95,EQUITY,2026-10-10T01:55:02+00:00
LYV,"Live Nation Entertainment, Inc.",NYQ,Communication Services,,39679991808.0,170.33,EQUITY,2026-10-10T01:55:02+00:00
YUM,"Yum! Brands, Inc.",NYQ,Consumer Cyclical,,39521538048.0,144.82,EQUITY,2026-10-10T01:55:02+00:00
PCG,Pacific Gas & Electric Co.,NYQ,Utilities,,39421079552.0,13.13,EQUITY,2026-10-10T01:55:02+00:00
ED,"Consolidated Edison, Inc.",NYQ,Utilities,,39238819840.0,106.1,EQUITY,2026-10-10T01:55:02+00:00
PRU,"Prudential Financial, Inc.",NYQ,Financial Services,,39016050688.0,113.09,EQUITY,2026-10-10T01:55:02+00:00
CBRS,Cerebras Systems Inc.,NMS,Technology,,39000887296.0,164.17,EQUITY,2026-10-10T01:55:02+00:00
ADM,Archer-Daniels-Midland Company,NYQ,Consumer Defensive,,38503505920.0,79.89,EQUITY,2026-10-10T01:55:02+00:00
WCN,"Waste Connections, Inc.",NYQ,Industrials,,38447329280.0,152.83,EQUITY,2026-10-10T01:55:02+00:00
SYY,Sysco Corporation,NYQ,Consumer Defensive,,38438154240.0,78.14,EQUITY,2026-10-10T01:55:02+00:00
CCJ,Cameco Corporation,NYQ,Energy,,38353035264.0,88.06,EQUITY,2026-10-10T01:55:02+00:00
ZS,"Zscaler, Inc.",NMS,Technology,,38110773248.0,233.73,EQUITY,2026-10-10T01:55:02+00:00
CBRE,CBRE Group Inc,NYQ,Real Estate,,37876449280.0,130.8,EQUITY,2026-10-10T01:55:02+00:00
ODFL,"Old Dominion Freight Line, Inc.",NMS,Industrials,,37732683776.0,181.97,EQUITY,2026-10-10T01:55:02+00:00
DHI,"D.R. Horton, Inc.",NYQ,Consumer Cyclical,,37726109696.0,134.88,EQUITY,2026-10-10T01:55:02+00:00
PAYX,"Paychex, Inc.",NMS,Technology,,37014851584.0,103.98,EQUITY,2026-10-10T01:55:02+00:00
JD,"JD.com, Inc.",NMS,Consumer Cyclical,,36585046016.0,27.09,EQUITY,2026-10-10T01:55:02+00:00
VIK,Viking Holdings Ltd,NYQ,Consumer Cyclical,,36454604800.0,81.62,EQUITY,2026-10-10T01:55:02+00:00
KR,Kroger Company (The),NYQ,Consumer Defensive,,36403884032.0,61.64,EQUITY,2026-10-10T01:55:02+00:00
FER,Ferrovial N.V.,NMS,Industrials,,36097576960.0,50.15,EQUITY,2026-10-10T01:55:02+00:00
VOD,Vodafone Group Plc,NMS,Communication Services,,36048252928.0,15.56,EQUITY,2026-10-10T01:55:02+00:00
PEG,Public Service Enterprise Group,NYQ,Utilities,,36018671616.0,72.28,EQUITY,2026-10-10T01:55:02+00:00
ROP,"Roper Technologies, Inc.",NMS,Technology,,36008816640.0,364.09,EQUITY,2026-10-10T01:55:02+00:00
CHT,"Chunghwa Telecom Co., Ltd.",NYQ,Communication Services,,35676495872.0,45.99,EQUITY,2026-10-10T01:55:02+00:00
SHG,Shinhan Financial Group Co Ltd,NYQ,Financial Services,,35559673856.0,75.52,EQUITY,2026-10-10T01:55:02+00:00
EL,"Estee Lauder Companies, Inc. (T",NYQ,Consumer Defensive,,35525750784.0,98.05,EQUITY,2026-10-10T01:55:02+00:00
CCL,Carnival Corporation Ltd.,NYQ,Consumer Cyclical,,35430477824.0,26.35,EQUITY,2026-10-10T01:55:02+00:00
HIG,"The Hartford Insurance Group, I",NYQ,Financial Services,,34972282880.0,129.11,EQUITY,2026-10-10T01:55:02+00:00
UAL,"United Airlines Holdings, Inc.",NMS,Industrials,,34878148608.0,107.455,EQUITY,2026-10-10T01:55:02+00:00
EC,Ecopetrol S.A.,NYQ,Energy,,34825842688.0,16.94,EQUITY,2026-10-10T01:55:02+00:00
EME,"EMCOR Group, Inc.",NYQ,Industrials,,34822561792.0,789.45,EQUITY,2026-10-10T01:55:02+00:00
AXON,"Axon Enterprise, Inc.",NMS,Industrials,,34354491392.0,422.89,EQUITY,2026-10-10T01:55:02+00:00
RBLX,Roblox Corporation,NYQ,Communication Services,,34354339840.0,48.09,EQUITY,2026-10-10T01:55:02+00:00
STLD,"Steel Dynamics, Inc.",NMS,Basic Materials,,34166552576.0,238.38,EQUITY,2026-10-10T01:55:02+00:00
IRM,Iron Mountain Incorporated (Del,NYQ,Real Estate,,34089949184.0,114.51,EQUITY,2026-10-10T01:55:02+00:00
KVUE,Kenvue Inc.,NYQ,Consumer Defensive,,33997692928.0,17.7,EQUITY,2026-10-10T01:55:02+00:00
MLM,"Martin Marietta Materials, Inc.",NYQ,Basic Materials,,33972123648.0,478.35,EQUITY,2026-10-10T01:55:02+00:00
CCI,Crown Castle Inc.,NYQ,Real Estate,,33883269120.0,79.64,EQUITY,2026-10-10T01:55:02+00:00
WEC,"WEC Energy Group, Inc.",NYQ,Utilities,,33803614208.0,103.74,EQUITY,2026-10-10T01:55:02+00:00
TECK,Teck Resources Ltd,NYQ,Basic Materials,,33385330688.0,68.05,EQUITY,2026-10-10T01:55:02+00:00
BIIB,Biogen Inc.,NMS,Healthcare,,33349556224.0,225.71,EQUITY,2026-10-10T01:55:02+00:00
EQT,EQT Corporation,NYQ,Energy,,33046013952.0,52.83,EQUITY,2026-10-10T01:55:02+00:00
EXPE,"Expedia Group, Inc.",NMS,Consumer Cyclical,,32911704064.0,274.22,EQUITY,2026-10-10T01:55:02+00:00
VG,"Venture Global, Inc.",NYQ,Energy,,32901222400.0,13.16,EQUITY,2026-10-10T01:55:02+00:00
GFI,Gold Fields Limited,NYQ,Basic Materials,,32802809856.0,36.82,EQUITY,2026-10-10T01:55:02+00:00
HSY,The Hershey Company,NYQ,Consumer Defensive,,32698644480.0,162.74,EQUITY,2026-10-10T01:55:02+00:00
ACGL,Arch Capital Group Ltd.,NMS,Financial Services,,32589369344.0,95.57,EQUITY,2026-10-10T01:55:02+00:00
RKT,"Rocket Companies, Inc.",NYQ,Financial Services,,32507252736.0,11.48,EQUITY,2026-10-10T01:55:02+00:00
KMB,Kimberly-Clark Corporation,NMS,Consumer Defensive,,32394057728.0,97.59,EQUITY,2026-10-10T01:55:02+00:00
RMD,ResMed Inc.,NYQ,Healthcare,,32354060288.0,230.05,EQUITY,2026-10-10T01:55:02+00:00
CNC,Centene Corporation,NYQ,Healthcare,,32287514624.0,65.36,EQUITY,2026-10-10T01:55:02+00:00
NTR,Nutrien Ltd.,NYQ,Basic Materials,,32202137600.0,67.48,EQUITY,2026-10-10T01:55:02+00:00
JBL,Jabil Inc.,NYQ,Technology,,32094189568.0,306.28,EQUITY,2026-10-10T01:55:02+00:00
MDLN,Medline Inc.,NMS,Healthcare,,48785408000.0,36.26,EQUITY,2026-10-10T01:55:02+00:00
DXCM,"DexCom, Inc.",NMS,Healthcare,,31739813888.0,84.11,EQUITY,2026-10-10T01:55:02+00:00
VMC,Vulcan Materials Company (Holdi,NYQ,Basic Materials,,31692367872.0,244.58,EQUITY,2026-10-10T01:55:02+00:00
MTB,M&T Bank Corporation,NYQ,Financial Services,,31521476608.0,217.49,EQUITY,2026-10-10T01:55:02+00:00
HEI-A,Heico Corporation,NYQ,Industrials,,31172890624.0,223.05,EQUITY,2026-10-10T01:55:02+00:00
ALNY,"Alnylam Pharmaceuticals, Inc.",NMS,Healthcare,,31134705664.0,232.68,EQUITY,2026-10-10T01:55:02+00:00
MDB,"MongoDB, Inc.",NGM,Technology,,31089108992.0,385.93,EQUITY,2026-10-10T01:55:02+00:00
ERIC,Ericsson,NMS,Technology,,31086839808.0,9.555,EQUITY,2026-10-10T01:55:02+00:00
MTD,"Mettler-Toledo International, I",NYQ,Healthcare,,31056467968.0,1549.99,EQUITY,2026-10-10T01:55:02+00:00
ALC,Alcon Inc.,NYQ,Healthcare,,30990774272.0,64.11,EQUITY,2026-10-10T01:55:02+00:00
HBAN,Huntington Bancshares Incorpora,NMS,Financial Services,,30952755200.0,15.32,EQUITY,2026-10-10T01:55:02+00:00
ZTS,Zoetis Inc.,NYQ,Healthcare,,30913257472.0,74.81,EQUITY,2026-10-10T01:55:02+00:00
SUNB,"Sunbelt Rentals Holdings, Inc.",NYQ,Industrials,,30802026496.0,75.17,EQUITY,2026-10-10T01:55:02+00:00
NTRS,Northern Trust Corporation,NMS,Financial Services,,30774970368.0,168.21,EQUITY,2026-10-10T01:55:02+00:00
RDDT,"Reddit, Inc.",NYQ,Communication Services,,30766127104.0,159.91,EQUITY,2026-10-10T01:55:02+00:00
CQP,"Cheniere Energy Partners, LP",NYQ,Energy,,30757025792.0,63.54,EQUITY,2026-10-10T01:55:02+00:00
ESLT,Elbit Systems Ltd.,NMS,Industrials,,30729674752.0,655.74,EQUITY,2026-10-10T01:55:02+00:00
IR,Ingersoll Rand Inc.,NYQ,Industrials,,30554953728.0,78.75,EQUITY,2026-10-10T01:55:02+00:00
RJF,"Raymond James Financial, Inc.",NYQ,Financial Services,,30466248704.0,158.38,EQUITY,2026-10-10T01:55:02+00:00
BAP,Credicorp Ltd.,NYQ,Financial Services,,30275438592.0,381.21,EQUITY,2026-10-10T01:55:02+00:00
ON,ON Semiconductor Corporation,NMS,Technology,,30183872512.0,77.53,EQUITY,2026-10-10T01:55:02+00:00
GEHC,GE HealthCare Technologies Inc.,NMS,Healthcare,,29904584704.0,65.74,EQUITY,2026-10-10T01:55:02+00:00
PUK,Prudential Public Limited Compa,NYQ,Financial Services,,29409794048.0,23.92,EQUITY,2026-10-10T01:55:02+00:00
BIDU,"Baidu, Inc.",NMS,Communication Services,,29048344576.0,85.33,EQUITY,2026-10-10T01:55:02+00:00
TS,Tenaris S.A.,NYQ,Energy,,28946370560.0,57.34,EQUITY,2026-10-10T01:55:02+00:00
ZM,"Zoom Communications, Inc.",NMS,Technology,,28518938624.0,97.74,EQUITY,2026-10-10T01:55:02+00:00
WSM,"Williams-Sonoma, Inc.",NYQ,Consumer Cyclical,,28473946112.0,241.78,EQUITY,2026-10-10T01:55:02+00:00
EXR,Extra Space Storage Inc,NYQ,Real Estate,,29717596160.0,134.65,EQUITY,2026-10-10T01:55:02+00:00
TDY,Teledyne Technologies Incorpora,NYQ,Technology,,28430336000.0,613.66,EQUITY,2026-10-10T01:55:02+00:00
CPNG,"Coupang, Inc.",NYQ,Consumer Cyclical,,28397914112.0,15.82,EQUITY,2026-10-10T01:55:02+00:00
AEE,Ameren Corporation,NYQ,Utilities,,28290613248.0,102.19,EQUITY,2026-10-10T01:55:02+00:00
KGC,Kinross Gold Corporation,NYQ,Basic Materials,,28161355776.0,23.74,EQUITY,2026-10-10T01:55:02+00:00
RYAAY,Ryanair Holdings plc,NMS,Industrials,,28092192768.0,54.24,EQUITY,2026-10-10T01:55:02+00:00
DG,Dollar General Corporation,NYQ,Consumer Defensive,,28069074944.0,127.23,EQUITY,2026-10-10T01:55:02+00:00
NMR,Nomura Holdings Inc,NYQ,Financial Services,,28027656192.0,9.59,EQUITY,2026-10-10T01:55:02+00:00
CTSH,Cognizant Technology Solutions ,NMS,Technology,,28001599488.0,59.2,EQUITY,2026-10-10T01:55:02+00:00
ECHO,EchoStar Corporation,NMS,Communication Services,,27580973056.0,94.84,EQUITY,2026-10-10T01:55:02+00:00
WTW,Willis Towers Watson Public Lim,NMS,Financial Services,,27514241024.0,296.26,EQUITY,2026-10-10T01:55:02+00:00
PBA,Pembina Pipeline Corp.,NYQ,Energy,,27513368576.0,47.31,EQUITY,2026-10-10T01:55:02+00:00
VRSN,"VeriSign, Inc.",NMS,Technology,,27458095104.0,303.74,EQUITY,2026-10-10T01:55:02+00:00
ATO,Atmos Energy Corporation,NYQ,Utilities,,27318691840.0,161.66,EQUITY,2026-10-10T01:55:02+00:00
FTI,TechnipFMC plc,NYQ,Energy,,27282876416.0,69.57,EQUITY,2026-10-10T01:55:02+00:00
FTS,Fortis Inc.,NYQ,Utilities,,27236079616.0,53.31,EQUITY,2026-10-10T01:55:02+00:00
HPQ,HP Inc.,NYQ,Technology,,27234088960.0,30.2,EQUITY,2026-10-10T01:55:02+00:00
AFRM,"Affirm Holdings, Inc.",NMS,Financial Services,,27229894656.0,80.7,EQUITY,2026-10-10T01:55:02+00:00
HAL,Halliburton Company,NYQ,Energy,,27192197120.0,32.55,EQUITY,2026-10-10T01:55:02+00:00
FFIV,"F5, Inc.",NMS,Technology,,27171420160.0,479.83,EQUITY,2026-10-10T01:55:02+00:00
NVT,nVent Electric plc,NYQ,Industrials,,27099873280.0,167.43,EQUITY,2026-10-10T01:55:02+00:00
SMCI,"Super Micro Computer, Inc.",NMS,Technology,,27074869248.0,41.855,EQUITY,2026-10-10T01:55:02+00:00
GFS,GlobalFoundries Inc.,NMS,Technology,,26889875456.0,48.24,EQUITY,2026-10-10T01:55:02+00:00
CFG,"Citizens Financial Group, Inc.",NYQ,Financial Services,,26774208512.0,63.57,EQUITY,2026-10-10T01:55:02+00:00
WRB,W.R. Berkley Corporation,NYQ,Financial Services,,26694971392.0,71.91,EQUITY,2026-10-10T01:55:02+00:00
ARES,Ares Management Corporation,NYQ,Financial Services,,38890774528.0,117.22,EQUITY,2026-10-10T01:55:02+00:00
Q,"Qnity Electronics, Inc.",NYQ,Technology,,26502342656.0,126.6,EQUITY,2026-10-10T01:55:02+00:00
KHC,The Kraft Heinz Company,NYQ,Consumer Defensive,,26408294400.0,22.27,EQUITY,2026-10-10T01:55:02+00:00
DTE,DTE Energy Company,NYQ,Utilities,,26406375424.0,126.9,EQUITY,2026-10-10T01:55:02+00:00
FOXA,Fox Corporation,NMS,Communication Services,,26316650496.0,62.41,EQUITY,2026-10-10T01:55:02+00:00
CPAY,"Corpay, Inc.",NYQ,Technology,,26127269888.0,397.92,EQUITY,2026-10-10T01:55:02+00:00
ATI,ATI Inc.,NYQ,Industrials,,26122926080.0,191.84,EQUITY,2026-10-10T01:55:02+00:00
SN,"SharkNinja, Inc.",NYQ,Consumer Cyclical,,26058418176.0,184.98,EQUITY,2026-10-10T01:55:02+00:00
LPLA,LPL Financial Holdings Inc.,NMS,Financial Services,,26054248448.0,330.88,EQUITY,2026-10-10T01:55:02+00:00
FE,FirstEnergy Corp.,NYQ,Utilities,,26029402112.0,45.0,EQUITY,2026-10-10T01:55:02+00:00
TSEM,Tower Semiconductor Ltd.,NMS,Technology,,25851375616.0,228.71,EQUITY,2026-10-10T01:55:02+00:00
PPL,PPL Corporation,NYQ,Utilities,,25774659584.0,34.25,EQUITY,2026-10-10T01:55:02+00:00
WST,"West Pharmaceutical Services, I",NYQ,Healthcare,,25757528064.0,366.0,EQUITY,2026-10-10T01:55:02+00:00
RBRK,"Rubrik, Inc.",NYQ,Technology,,25757386752.0,125.14,EQUITY,2026-10-10T01:55:02+00:00
AWK,"American Water Works Company, I",NYQ,Utilities,,25612193792.0,128.88,EQUITY,2026-10-10T01:55:02+00:00
ROIV,Roivant Sciences Ltd.,NMS,Healthcare,,25599125504.0,35.44,EQUITY,2026-10-10T01:55:02+00:00
DGX,Quest Diagnostics Incorporated,NYQ,Healthcare,,25492934656.0,230.97,EQUITY,2026-10-10T01:55:02+00:00
DOV,Dover Corporation,NYQ,Industrials,,25431666688.0,188.83,EQUITY,2026-10-10T01:55:02+00:00
CNP,"CenterPoint Energy, Inc (Holdin",NYQ,Utilities,,25426599936.0,38.6,EQUITY,2026-10-10T01:55:02+00:00
RPRX,Royalty Pharma plc,NMS,Healthcare,,32896172032.0,56.93,EQUITY,2026-10-10T01:55:02+00:00
LH,Labcorp Holdings Inc.,NYQ,Healthcare,,25315364864.0,312.15,EQUITY,2026-10-10T01:55:02+00:00
CPRT,"Copart, Inc.",NMS,Industrials,,25307346944.0,27.32,EQUITY,2026-10-10T01:55:02+00:00
ENTG,"Entegris, Inc.",NMS,Technology,,25249816576.0,165.79,EQUITY,2026-10-10T01:55:02+00:00
MTSI,MACOM Technology Solutions Hold,NMS,Technology,,25206988800.0,330.06,EQUITY,2026-10-10T01:55:02+00:00
VICI,VICI Properties Inc.,NYQ,Real Estate,,25192652800.0,22.88,EQUITY,2026-10-10T01:55:02+00:00
EXPD,Expeditors International of Was,NYQ,Industrials,,25119389696.0,193.24,EQUITY,2026-10-10T01:55:02+00:00
OTIS,Otis Worldwide Corporation,NYQ,Industrials,,25105141760.0,65.95,EQUITY,2026-10-10T01:55:02+00:00
CINF,Cincinnati Financial Corporatio,NMS,Financial Services,,25076779008.0,163.39,EQUITY,2026-10-10T01:55:02+00:00
HUBB,Hubbell Inc,NYQ,Industrials,,25052813312.0,474.11,EQUITY,2026-10-10T01:55:02+00:00
TPL,Texas Pacific Land Corporation,NYQ,Energy,,24898480128.0,360.98,EQUITY,2026-10-10T01:55:02+00:00
ES,Eversource Energy (D/B/A),NYQ,Utilities,,24758833152.0,65.73,EQUITY,2026-10-10T01:55:02+00:00
QSR,Restaurant Brands International,NYQ,Consumer Cyclical,,32502972416.0,70.95,EQUITY,2026-10-10T01:55:02+00:00
TCOM,Trip.com Group Limited,NMS,Consumer Cyclical,,24495534080.0,38.9,EQUITY,2026-10-10T01:55:02+00:00
ULTA,"Ulta Beauty, Inc.",NMS,Consumer Cyclical,,24387579904.0,570.37,EQUITY,2026-10-10T01:55:02+00:00
BNTX,BioNTech SE,NMS,Healthcare,,24356775936.0,96.96,EQUITY,2026-10-10T01:55:02+00:00
IOT,Samsara Inc.,NYQ,Technology,,24331894784.0,41.55,EQUITY,2026-10-10T01:55:02+00:00
FISV,"Fiserv, Inc.",NMS,Technology,,24264515584.0,45.63,EQUITY,2026-10-10T01:55:02+00:00
BSP,Bending Spoons S.p.A.,NMS,Technology,,24144685056.0,38.01,EQUITY,2026-10-10T01:55:02+00:00
XYL,Xylem Inc.,NYQ,Industrials,,23981430784.0,102.71,EQUITY,2026-10-10T01:55:02+00:00
CASY,"Caseys General Stores, Inc.",NMS,Consumer Cyclical,,23886247936.0,646.27,EQUITY,2026-10-10T01:55:02+00:00
SBS,Companhia de saneamento Basico ,NYQ,Utilities,,23701837824.0,6.74,EQUITY,2026-10-10T01:55:02+00:00
PHG,Koninklijke Philips N.V. NY Reg,NYQ,Healthcare,,23692840960.0,24.24,EQUITY,2026-10-10T01:55:02+00:00
SYF,Synchrony Financial,NYQ,Financial Services,,23686998016.0,72.8,EQUITY,2026-10-10T01:55:02+00:00
TW,Tradeweb Markets Inc.,NMS,Financial Services,,24218331136.0,111.08,EQUITY,2026-10-10T01:55:02+00:00
VLTO,Veralto Corp,NYQ,Industrials,,23630888960.0,96.93,EQUITY,2026-10-10T01:55:02+00:00
FWONK,Liberty Media Corporation - Ser,NMS,Communication Services,,23576625152.0,94.04,EQUITY,2026-10-10T01:55:02+00:00
FOX,Fox Corporation,NMS,Communication Services,,23567339520.0,55.89,EQUITY,2026-10-10T01:55:02+00:00
UTHR,United Therapeutics Corporation,NMS,Healthcare,,23553851392.0,549.16,EQUITY,2026-10-10T01:55:02+00:00
IHG,Intercontinental Hotels Group,NYQ,Consumer Cyclical,,23478085632.0,160.68,EQUITY,2026-10-10T01:55:02+00:00
LVS,Las Vegas Sands Corp.,NYQ,Consumer Cyclical,,23427350528.0,36.17,EQUITY,2026-10-10T01:55:02+00:00
FCNCA,"First Citizens BancShares, Inc.",NMS,Financial Services,,23358574592.0,2068.39,EQUITY,2026-10-10T01:55:02+00:00
VRSK,"Verisk Analytics, Inc.",NMS,Industrials,,23273410560.0,177.63,EQUITY,2026-10-10T01:55:02+00:00
CHD,"Church & Dwight Company, Inc.",NYQ,Consumer Defensive,,23272075264.0,98.11,EQUITY,2026-10-10T01:55:02+00:00
PPG,"PPG Industries, Inc.",NYQ,Basic Materials,,23110307840.0,103.96,EQUITY,2026-10-10T01:55:02+00:00
KOF,Coca Cola Femsa S.A.B. de C.V.,NYQ,Consumer Defensive,,23079743488.0,109.86,EQUITY,2026-10-10T01:55:02+00:00
TPR,"Tapestry, Inc.",NYQ,Consumer Cyclical,,23066124288.0,116.24,EQUITY,2026-10-10T01:55:02+00:00
RF,Regions Financial Corporation,NYQ,Financial Services,,23027656704.0,27.03,EQUITY,2026-10-10T01:55:02+00:00
PFG,Principal Financial Group Inc,NMS,Financial Services,,22960580608.0,107.24,EQUITY,2026-10-10T01:55:02+00:00
INCY,Incyte Corporation,NMS,Healthcare,,22862278656.0,112.79,EQUITY,2026-10-10T01:55:02+00:00
GMAB,Genmab A/S,NMS,Healthcare,,22794436608.0,37.07,EQUITY,2026-10-10T01:55:02+00:00
AER,AerCap Holdings N.V.,NYQ,Industrials,,22747678720.0,144.72,EQUITY,2026-10-10T01:55:02+00:00
NRG,"NRG Energy, Inc.",NYQ,Utilities,,22696425472.0,107.97,EQUITY,2026-10-10T01:55:02+00:00
ROKU,"Roku, Inc.",NMS,Communication Services,,22685841408.0,152.85,EQUITY,2026-10-10T01:55:02+00:00
GH,"Guardant Health, Inc.",NMS,Healthcare,,22473832448.0,167.47,EQUITY,2026-10-10T01:55:02+00:00
TROW,"T. Rowe Price Group, Inc.",NMS,Financial Services,,22432296960.0,105.16,EQUITY,2026-10-10T01:55:02+00:00
CIB,Grupo Cibest S.A.,NYQ,Financial Services,,22390849536.0,94.81,EQUITY,2026-10-10T01:55:02+00:00
DRI,"Darden Restaurants, Inc.",NYQ,Consumer Cyclical,,22363889664.0,197.66,EQUITY,2026-10-10T01:55:02+00:00
DLTR,"Dollar Tree, Inc.",NMS,Consumer Defensive,,22260459520.0,118.64,EQUITY,2026-10-10T01:55:02+00:00
RL,Ralph Lauren Corporation,NYQ,Consumer Cyclical,,22121693184.0,371.28,EQUITY,2026-10-10T01:55:02+00:00
INSM,Insmed Incorporated,NMS,Healthcare,,21969178624.0,100.6,EQUITY,2026-10-10T01:55:02+00:00
PS,Pershing Square Inc.,NYQ,Financial Services,,21835999232.0,54.59,EQUITY,2026-10-10T01:55:02+00:00
MKL,Markel Group Inc.,NYQ,Financial Services,,21815494656.0,1760.74,EQUITY,2026-10-10T01:55:02+00:00
L,Loews Corporation,NYQ,Financial Services,,21810393088.0,106.69,EQUITY,2026-10-10T01:55:02+00:00
SNX,TD SYNNEX Corporation,NYQ,Technology,,21808777216.0,273.37,EQUITY,2026-10-10T01:55:02+00:00
OMC,Omnicom Group Inc.,NYQ,Communication Services,,21797275648.0,76.48,EQUITY,2026-10-10T01:55:02+00:00
GPN,Global Payments Inc.,NYQ,Industrials,,21751629824.0,82.2,EQUITY,2026-10-10T01:55:02+00:00
FWONA,Liberty Media Corporation - Ser,NMS,Communication Services,,21728903168.0,86.67,EQUITY,2026-10-10T01:55:02+00:00
SW,Smurfit WestRock plc,NYQ,Consumer Cyclical,,21657550848.0,41.29,EQUITY,2026-10-10T01:55:02+00:00
IFF,International Flavors & Fragran,NYQ,Basic Materials,,21585909760.0,84.55,EQUITY,2026-10-10T01:55:02+00:00
DINO,HF Sinclair Corporation,NYQ,Energy,,21565181952.0,121.3,EQUITY,2026-10-10T01:55:02+00:00
JBHT,"J.B. Hunt Transport Services, I",NMS,Industrials,,21527513088.0,229.26,EQUITY,2026-10-10T01:55:02+00:00
XPO,"XPO, Inc.",NYQ,Industrials,,21481852928.0,183.47,EQUITY,2026-10-10T01:55:02+00:00
CRCL,"Circle Internet Group, Inc.",NYQ,Financial Services,,21455052800.0,84.51,EQUITY,2026-10-10T01:55:02+00:00
PHM,"PulteGroup, Inc.",NYQ,Consumer Cyclical,,21357330432.0,112.12,EQUITY,2026-10-10T01:55:02+00:00
KEY,KeyCorp,NYQ,Financial Services,,21310556160.0,19.97,EQUITY,2026-10-10T01:55:02+00:00
EIX,Edison International,NYQ,Utilities,,21280212992.0,55.3,EQUITY,2026-10-10T01:55:02+00:00
THC,Tenet Healthcare Corporation,NYQ,Healthcare,,21239302144.0,263.78,EQUITY,2026-10-10T01:55:02+00:00
PTC,PTC Inc.,NMS,Technology,,21123534848.0,194.45,EQUITY,2026-10-10T01:55:02+00:00
EXE,Expand Energy Corporation,NMS,Energy,,21104769024.0,88.22,EQUITY,2026-10-10T01:55:02+00:00
USFD,US Foods Holding Corp.,NYQ,Consumer Defensive,,21077102592.0,97.43,EQUITY,2026-10-10T01:55:02+00:00
BRO,"Brown & Brown, Inc.",NYQ,Financial Services,,21040300032.0,62.88,EQUITY,2026-10-10T01:55:02+00:00
STE,STERIS plc (Ireland),NYQ,Healthcare,,20904024064.0,214.4,EQUITY,2026-10-10T01:55:02+00:00
STZ,"Constellation Brands, Inc.",NYQ,Consumer Defensive,,20753657856.0,122.64,EQUITY,2026-10-10T01:55:02+00:00
ARXS,"Arxis, Inc.",NMS,Industrials,,20632272896.0,47.89,EQUITY,2026-10-10T01:55:02+00:00
U,Unity Software Inc.,NYQ,Technology,,20631369728.0,46.88,EQUITY,2026-10-10T01:55:02+00:00
RS,"Reliance, Inc.",NYQ,Basic Materials,,20546281472.0,402.45,EQUITY,2026-10-10T01:55:02+00:00
PKG,Packaging Corporation of Americ,NYQ,Consumer Cyclical,,20538048512.0,230.51,EQUITY,2026-10-10T01:55:02+00:00
DOW,Dow Inc.,NYQ,Basic Materials,,20528924672.0,28.42,EQUITY,2026-10-10T01:55:02+00:00
SOFI,"SoFi Technologies, Inc.",NMS,Financial Services,,20406810624.0,15.8,EQUITY,2026-10-10T01:55:02+00:00
LUV,Southwest Airlines Company,NYQ,Industrials,,20380413952.0,41.66,EQUITY,2026-10-10T01:55:02+00:00
VTRS,Viatris Inc.,NMS,Healthcare,,20261142528.0,17.64,EQUITY,2026-10-10T01:55:02+00:00
CMS,CMS Energy Corporation,NYQ,Utilities,,20231145472.0,65.49,EQUITY,2026-10-10T01:55:02+00:00
RIVN,"Rivian Automotive, Inc.",NMS,Consumer Cyclical,,20212133888.0,13.96,EQUITY,2026-10-10T01:55:02+00:00
NTNX,"Nutanix, Inc.",NMS,Technology,,20192651264.0,74.63,EQUITY,2026-10-10T01:55:02+00:00
HSAI,Hesai Group,NMS,Consumer Cyclical,,20126775296.0,16.01,EQUITY,2026-10-10T01:55:02+00:00
RGLD,"Royal Gold, Inc.",NMS,Basic Materials,,20015261696.0,236.23,EQUITY,2026-10-10T01:55:02+00:00
WWD,"Woodward, Inc.",NMS,Industrials,,19810463744.0,335.51,EQUITY,2026-10-10T01:55:02+00:00
AMRZ,Amrize Ltd,NYQ,Basic Materials,,19798708224.0,36.2,EQUITY,2026-10-10T01:55:02+00:00
BG,Bunge Limited,NYQ,Consumer Defensive,,19736397824.0,102.73,EQUITY,2026-10-10T01:55:02+00:00
BCH,Banco De Chile,NYQ,Financial Services,,19642771456.0,38.89,EQUITY,2026-10-10T01:55:02+00:00
YPF,YPF Sociedad Anonima,NYQ,Energy,,19619436544.0,50.04,EQUITY,2026-10-10T01:55:02+00:00
BEKE,KE Holdings Inc,NYQ,Real Estate,,19604111360.0,17.84,EQUITY,2026-10-10T01:55:02+00:00
NI,NiSource Inc,NYQ,Utilities,,19546867712.0,40.76,EQUITY,2026-10-10T01:55:02+00:00
VIV,Telefonica Brasil S.A.,NYQ,Communication Services,,19493197824.0,12.2,EQUITY,2026-10-10T01:55:02+00:00
LYB,LyondellBasell Industries NV,NYQ,Basic Materials,,19391967232.0,60.03,EQUITY,2026-10-10T01:55:02+00:00
SBAC,SBA Communications Corporation,NMS,Real Estate,,19360020480.0,182.49,EQUITY,2026-10-10T01:55:02+00:00
PR,Permian Resources Corporation,NYQ,Energy,,19288940544.0,23.03,EQUITY,2026-10-10T01:55:02+00:00
AMCR,Amcor plc,NYQ,Consumer Cyclical,,19272374272.0,41.72,EQUITY,2026-10-10T01:55:02+00:00
PAAS,Pan American Silver Corp.,NYQ,Basic Materials,,19184373760.0,46.27,EQUITY,2026-10-10T01:55:02+00:00
CRS,Carpenter Technology Corporatio,NYQ,Industrials,,19120191488.0,385.81,EQUITY,2026-10-10T01:55:02+00:00
FSLR,"First Solar, Inc.",NMS,Technology,,19110279168.0,177.82,EQUITY,2026-10-10T01:55:02+00:00
SSNC,"SS&C Technologies Holdings, Inc",NMS,Technology,,19014092800.0,81.03,EQUITY,2026-10-10T01:55:02+00:00
CW,Curtiss-Wright Corporation,NYQ,Industrials,,18932594688.0,512.6,EQUITY,2026-10-10T01:55:02+00:00
WES,"Western Midstream Partners, LP",NYQ,Energy,,18849024000.0,45.62,EQUITY,2026-10-10T01:55:02+00:00
TSN,"Tyson Foods, Inc.",NYQ,Consumer Defensive,,18796754944.0,53.43,EQUITY,2026-10-10T01:55:02+00:00
BR,"Broadridge Financial Solutions,",NYQ,Technology,,18679310336.0,165.45,EQUITY,2026-10-10T01:55:02+00:00
EVRG,"Evergy, Inc.",NMS,Utilities,,18666717184.0,80.96,EQUITY,2026-10-10T01:55:02+00:00
SNA,Snap-On Incorporated,NYQ,Industrials,,18640904192.0,360.37,EQUITY,2026-10-10T01:55:02+00:00
ZBRA,Zebra Technologies Corporation,NMS,Technology,,18442696704.0,387.18,EQUITY,2026-10-10T01:55:02+00:00
SITM,SiTime Corporation,NGM,Technology,,18414600192.0,612.37,EQUITY,2026-10-10T01:55:02+00:00
DT,"Dynatrace, Inc.",NYQ,Technology,,18351634432.0,63.5,EQUITY,2026-10-10T01:55:02+00:00
CNH,CNH Industrial N.V.,NYQ,Industrials,,18316929024.0,11.39,EQUITY,2026-10-10T01:55:02+00:00
NDSN,Nordson Corporation,NMS,Industrials,,18284959744.0,328.17,EQUITY,2026-10-10T01:55:02+00:00
SQM,Sociedad Quimica y Minera S.A.,NYQ,Basic Materials,,18255114240.0,63.91,EQUITY,2026-10-10T01:55:02+00:00
BBY,"Best Buy Co., Inc.",NYQ,Consumer Cyclical,,18248407040.0,87.01,EQUITY,2026-10-10T01:55:02+00:00
LEN,Lennar Corporation,NYQ,Consumer Cyclical,,18244569088.0,76.69,EQUITY,2026-10-10T01:55:02+00:00
TOST,"Toast, Inc.",NYQ,Technology,,18097180672.0,31.31,EQUITY,2026-10-10T01:55:02+00:00
ITT,ITT Inc.,NYQ,Industrials,,18091044864.0,201.37,EQUITY,2026-10-10T01:55:02+00:00
LEN-B,Lennar Corporation,NYQ,Consumer Cyclical,,18085175296.0,76.02,EQUITY,2026-10-10T01:55:02+00:00
SWKS,"Skyworks Solutions, Inc.",NMS,Technology,,17954889728.0,76.35,EQUITY,2026-10-10T01:55:02+00:00
TLN,Talen Energy Corporation,NMS,Utilities,,17906362368.0,378.57,EQUITY,2026-10-10T01:55:02+00:00
MKSI,MKS Inc.,NMS,Technology,,17884844032.0,264.5,EQUITY,2026-10-10T01:55:02+00:00
LSCC,Lattice Semiconductor Corporati,NMS,Technology,,17867489280.0,126.05,EQUITY,2026-10-10T01:55:02+00:00
WCC,"WESCO International, Inc.",NYQ,Industrials,,17821118464.0,365.69,EQUITY,2026-10-10T01:55:02+00:00
CDW,CDW Corporation,NMS,Technology,,17773727744.0,142.17,EQUITY,2026-10-10T01:55:02+00:00
WF,Woori Financial Group Inc.,NYQ,Financial Services,,17696120832.0,72.92,EQUITY,2026-10-10T01:55:02+00:00
KSPI,Joint Stock Company Kaspi.kz - ,NMS,Technology,,17670635520.0,92.99,EQUITY,2026-10-10T01:55:02+00:00
OVV,Ovintiv Inc. (DE),NYQ,Energy,,17669208064.0,63.88,EQUITY,2026-10-10T01:55:02+00:00
CDE,"Coeur Mining, Inc.",NYQ,Basic Materials,,17608525824.0,17.13,EQUITY,2026-10-10T01:55:02+00:00
FIS,Fidelity National Information S,NYQ,Technology,,17594566656.0,34.04,EQUITY,2026-10-10T01:55:02+00:00
TSCO,Tractor Supply Company,NMS,Consumer Cyclical,,17559052288.0,33.7,EQUITY,2026-10-10T01:55:02+00:00
DD,"DuPont de Nemours, Inc.",NYQ,Basic Materials,,17552523264.0,130.0,EQUITY,2026-10-10T01:55:02+00:00
BCE,"BCE, Inc.",NYQ,Communication Services,,17512835072.0,18.78,EQUITY,2026-10-10T01:55:02+00:00
GPC,Genuine Parts Company,NYQ,Consumer Cyclical,,17510946816.0,127.02,EQUITY,2026-10-10T01:55:02+00:00
SMTC,Semtech Corporation,NMS,Technology,,17479888896.0,187.3,EQUITY,2026-10-10T01:55:02+00:00
FTAI,FTAI Aviation Ltd.,NMS,Industrials,,17456609280.0,169.965,EQUITY,2026-10-10T01:55:02+00:00
FTV,Fortive Corporation,NYQ,Technology,,17456340992.0,57.26,EQUITY,2026-10-10T01:55:02+00:00
ESS,"Essex Property Trust, Inc.",NYQ,Real Estate,,18718285824.0,271.57,EQUITY,2026-10-10T01:55:02+00:00
FN,Fabrinet,NYQ,Technology,,17425776640.0,486.28,EQUITY,2026-10-10T01:55:02+00:00
APG,APi Group Corporation,NYQ,Industrials,,17424703488.0,40.32,EQUITY,2026-10-10T01:55:02+00:00
BURL,"Burlington Stores, Inc.",NYQ,Consumer Cyclical,,17397925888.0,276.97,EQUITY,2026-10-10T01:55:02+00:00
PKX,POSCO Holdings Inc.,NYQ,Basic Materials,,17386729472.0,57.48,EQUITY,2026-10-10T01:55:02+00:00
IEX,IDEX Corporation,NYQ,Industrials,,17271834624.0,234.29,EQUITY,2026-10-10T01:55:02+00:00
GIS,"General Mills, Inc.",NYQ,Consumer Defensive,,17265047552.0,32.29,EQUITY,2026-10-10T01:55:02+00:00
FDXF,"FedEx Freight Holding Company, ",NYQ,Industrials,,17264859136.0,115.47,EQUITY,2026-10-10T01:55:02+00:00
NWS,News Corporation,NMS,Communication Services,,17250297856.0,32.01,EQUITY,2026-10-10T01:55:02+00:00
RVTY,"Revvity, Inc.",NYQ,Healthcare,,17204389888.0,154.18,EQUITY,2026-10-10T01:55:02+00:00
EWBC,"East West Bancorp, Inc.",NMS,Financial Services,,17199097856.0,125.53,EQUITY,2026-10-10T01:55:02+00:00
PAA,"Plains All American Pipeline, L",NMS,Energy,,17173487616.0,24.34,EQUITY,2026-10-10T01:55:02+00:00
EFX,"Equifax, Inc.",NYQ,Industrials,,17126947840.0,145.78,EQUITY,2026-10-10T01:55:02+00:00
MGA,"Magna International, Inc.",NYQ,Consumer Cyclical,,17118595072.0,63.99,EQUITY,2026-10-10T01:55:02+00:00
MEDP,"Medpace Holdings, Inc.",NMS,Healthcare,,17083328512.0,612.05,EQUITY,2026-10-10T01:55:02+00:00
MTZ,"MasTec, Inc.",NYQ,Industrials,,17076845568.0,212.65,EQUITY,2026-10-10T01:55:02+00:00
LNT,Alliant Energy Corporation,NMS,Utilities,,17073897472.0,65.85,EQUITY,2026-10-10T01:55:02+00:00
BIP,Brookfield Infrastructure Partn,NYQ,Utilities,,29376704512.0,37.1,EQUITY,2026-10-10T01:55:02+00:00
IP,International Paper Company,NYQ,Consumer Cyclical,,17009783808.0,32.12,EQUITY,2026-10-10T01:55:02+00:00
ZBH,"Zimmer Biomet Holdings, Inc.",NYQ,Healthcare,,17002357760.0,89.14,EQUITY,2026-10-10T01:55:02+00:00
CF,"CF Industries Holdings, Inc.",NYQ,Basic Materials,,16880254976.0,111.54,EQUITY,2026-10-10T01:55:02+00:00
WIT,Wipro Limited,NYQ,Technology,,16818843648.0,1.7,EQUITY,2026-10-10T01:55:02+00:00
CLH,"Clean Harbors, Inc.",NYQ,Industrials,,16729862144.0,316.93,EQUITY,2026-10-10T01:55:02+00:00
RGA,"Reinsurance Group of America, I",NYQ,Financial Services,,16715919360.0,255.98,EQUITY,2026-10-10T01:55:02+00:00
CHRW,"C.H. Robinson Worldwide, Inc.",NMS,Industrials,,16600240128.0,142.31,EQUITY,2026-10-10T01:55:02+00:00
J,Jacobs Solutions Inc.,NYQ,Industrials,,16430953472.0,139.15,EQUITY,2026-10-10T01:55:02+00:00
AS,"Amer Sports, Inc.",NYQ,Consumer Cyclical,,16372470784.0,28.14,EQUITY,2026-10-10T01:55:02+00:00
XP,XP Inc.,NMS,Financial Services,,16349813760.0,32.22,EQUITY,2026-10-10T01:55:02+00:00
BEN,"Franklin Templeton, Inc.",NYQ,Financial Services,,16258460672.0,32.0,EQUITY,2026-10-10T01:55:02+00:00
IONQ,"IonQ, Inc.",NYQ,Technology,,16160861184.0,39.89,EQUITY,2026-10-10T01:55:02+00:00
RCI,"Rogers Communication, Inc.",NYQ,Communication Services,,16087909376.0,29.78,EQUITY,2026-10-10T01:55:02+00:00
APA,APA Corporation,NMS,Energy,,16074128384.0,45.88,EQUITY,2026-10-10T01:55:02+00:00
RBA,"RB Global, Inc.",NYQ,Industrials,,15991991296.0,85.84,EQUITY,2026-10-10T01:55:02+00:00
RBC,RBC Bearings Incorporated,NYQ,Industrials,,15946127360.0,503.68,EQUITY,2026-10-10T01:55:02+00:00
FUTU,Futu Holdings Limited,NGM,Financial Services,,15941516288.0,113.71,EQUITY,2026-10-10T01:55:02+00:00
INVH,Invitation Homes Inc.,NYQ,Real Estate,,15822796800.0,26.79,EQUITY,2026-10-10T01:55:02+00:00
DOCN,"DigitalOcean Holdings, Inc.",NYQ,Technology,,15761550336.0,134.82,EQUITY,2026-10-10T01:55:02+00:00
NVR,"NVR, Inc.",NYQ,Consumer Cyclical,,15720435712.0,5899.16,EQUITY,2026-10-10T01:55:02+00:00
NWSA,News Corporation,NMS,Communication Services,,15692868608.0,29.12,EQUITY,2026-10-10T01:55:02+00:00
STRL,"Sterling Infrastructure, Inc.",NMS,Industrials,,15691910144.0,513.0,EQUITY,2026-10-10T01:55:02+00:00
BALL,Ball Corporation,NYQ,Consumer Cyclical,,15564771328.0,58.46,EQUITY,2026-10-10T01:55:02+00:00
HST,"Host Hotels & Resorts, Inc.",NMS,Real Estate,,15735554048.0,22.65,EQUITY,2026-10-10T01:55:02+00:00
GFL,GFL Environmental Inc. Subordin,NYQ,Industrials,,15438887936.0,42.78,EQUITY,2026-10-10T01:55:02+00:00
ROL,"Rollins, Inc.",NYQ,Consumer Cyclical,,15387029504.0,31.98,EQUITY,2026-10-10T01:55:02+00:00
AKAM,"Akamai Technologies, Inc.",NMS,Technology,,15370490880.0,106.95,EQUITY,2026-10-10T01:55:02+00:00
LDOS,"Leidos Holdings, Inc.",NYQ,Technology,,15305575424.0,121.68,EQUITY,2026-10-10T01:55:02+00:00
ASTS,"AST SpaceMobile, Inc.",NMS,Technology,,19833921536.0,50.965,EQUITY,2026-10-10T01:55:02+00:00
H,Hyatt Hotels Corporation,NYQ,Consumer Cyclical,,15260697600.0,161.94,EQUITY,2026-10-10T01:55:02+00:00
CRBG,Corebridge Financial Inc.,NYQ,Financial Services,,15196385280.0,34.09,EQUITY,2026-10-10T01:55:02+00:00
BSAC,Banco Santander - Chile,NYQ,Financial Services,,15179336704.0,32.22,EQUITY,2026-10-10T01:55:02+00:00
ASND,Ascendis Pharma A/S,NMS,Healthcare,,15084168192.0,229.23,EQUITY,2026-10-10T01:55:02+00:00
ZTO,ZTO Express (Cayman) Inc.,NYQ,Industrials,,15072832512.0,20.15,EQUITY,2026-10-10T01:55:02+00:00
PHYS,"""Sprott Physical Gold Trust""",ASE,Financial Services,,15034549248.0,31.7,EQUITY,2026-10-10T01:55:02+00:00
WMG,Warner Music Group Corp.,NMS,Communication Services,,15023712256.0,28.72,EQUITY,2026-10-10T01:55:02+00:00
PFGC,Performance Food Group Company,NYQ,Consumer Defensive,,14903034880.0,94.88,EQUITY,2026-10-10T01:55:02+00:00
LAMR,Lamar Advertising Company,NMS,Real Estate,,14873981952.0,146.47,EQUITY,2026-10-10T01:55:02+00:00
KIM,Kimco Realty Corporation (HC),NYQ,Real Estate,,14864692224.0,22.16,EQUITY,2026-10-10T01:55:02+00:00
SOLV,Solventum Corporation,NYQ,Healthcare,,14858829824.0,87.29,EQUITY,2026-10-10T01:55:02+00:00
INIO,INNIO N.V.,NMS,Industrials,,14842501120.0,19.79,EQUITY,2026-10-10T01:55:02+00:00
EXEL,"Exelixis, Inc.",NMS,Healthcare,,14832211968.0,59.86,EQUITY,2026-10-10T01:55:02+00:00
LTM,LATAM Airlines Group S.A.,NYQ,Industrials,,14710382592.0,50.25,EQUITY,2026-10-10T01:55:02+00:00
JHX,James Hardie Industries plc.,NYQ,Basic Materials,,14582725632.0,25.12,EQUITY,2026-10-10T01:55:02+00:00
GIB,CGI Inc.,NYQ,Technology,,14513914880.0,70.09,EQUITY,2026-10-10T01:55:02+00:00
UNM,Unum Group,NYQ,Financial Services,,14511983616.0,91.67,EQUITY,2026-10-10T01:55:02+00:00
BMNR,"BitMine Immersion Technologies,",NYQ,Financial Services,,14495529984.0,24.03,EQUITY,2026-10-10T01:55:02+00:00
YUMC,"Yum China Holdings, Inc.",NYQ,Consumer Cyclical,,14494315520.0,42.92,EQUITY,2026-10-10T01:55:02+00:00
ARMK,Aramark,NYQ,Industrials,,14483559424.0,54.94,EQUITY,2026-10-10T01:55:02+00:00
NBIX,"Neurocrine Biosciences, Inc.",NMS,Healthcare,,14478910464.0,142.44,EQUITY,2026-10-10T01:55:02+00:00
ONTO,Onto Innovation Inc.,NYQ,Technology,,14453837824.0,294.53,EQUITY,2026-10-10T01:55:02+00:00
WPC,W. P. Carey Inc. REIT,NYQ,Real Estate,,14436755456.0,63.37,EQUITY,2026-10-10T01:55:02+00:00
EQH,"Equitable Holdings, Inc.",NYQ,Financial Services,,14434764800.0,52.92,EQUITY,2026-10-10T01:55:02+00:00
FICO,Fair Isaac Corporation,NYQ,Technology,,14418150400.0,667.58,EQUITY,2026-10-10T01:55:02+00:00
CRL,Charles River Laboratories Inte,NYQ,Healthcare,,14407114752.0,301.79,EQUITY,2026-10-10T01:55:02+00:00
SGI,Somnigroup International Inc.,NYQ,Consumer Cyclical,,14318574592.0,62.19,EQUITY,2026-10-10T01:55:02+00:00
SUN,Sunoco LP,ASE,Energy,,14244086784.0,75.6,EQUITY,2026-10-10T01:55:02+00:00
LECO,"Lincoln Electric Holdings, Inc.",NMS,Industrials,,14233088000.0,261.13,EQUITY,2026-10-10T01:55:02+00:00
PNFP,"Pinnacle Financial Partners, In",NYQ,Financial Services,,14203076608.0,93.99,EQUITY,2026-10-10T01:55:02+00:00
JAZZ,Jazz Pharmaceuticals plc,NMS,Healthcare,,14178641920.0,218.42,EQUITY,2026-10-10T01:55:02+00:00
KEP,Korea Electric Power Corporatio,NYQ,Utilities,,14161727488.0,11.03,EQUITY,2026-10-10T01:55:02+00:00
EG,"Everest Group, Ltd.",NYQ,Financial Services,,14124313600.0,368.37,EQUITY,2026-10-10T01:55:02+00:00
ULS,UL Solutions Inc.,NYQ,Industrials,,14107402240.0,69.99,EQUITY,2026-10-10T01:55:02+00:00
LOGI,Logitech International S.A. - R,NMS,Technology,,14071116800.0,98.27,EQUITY,2026-10-10T01:55:02+00:00
SUI,"Sun Communities, Inc.",NYQ,Real Estate,,14576132096.0,114.0,EQUITY,2026-10-10T01:55:02+00:00
SMMT,Summit Therapeutics Inc.,NGM,Healthcare,,14032415744.0,17.59,EQUITY,2026-10-10T01:55:02+00:00
EMA,Emera Incorporated,NYQ,Utilities,,14024469504.0,45.66,EQUITY,2026-10-10T01:55:02+00:00
TRMB,Trimble Inc.,NMS,Technology,,14011777024.0,60.09,EQUITY,2026-10-10T01:55:02+00:00
CHKP,Check Point Software Technologi,NMS,Technology,,14006163456.0,137.18,EQUITY,2026-10-10T01:55:02+00:00
W,Wayfair Inc.,NYQ,Consumer Cyclical,,13957309440.0,105.74,EQUITY,2026-10-10T01:55:02+00:00
HTHT,H World Group Limited,NMS,Consumer Cyclical,,13928328192.0,44.16,EQUITY,2026-10-10T01:55:02+00:00
GEN,Gen Digital Inc.,NMS,Technology,,13917148160.0,23.25,EQUITY,2026-10-10T01:55:02+00:00
IREN,IREN LIMITED,NMS,Financial Services,,13866924032.0,35.19,EQUITY,2026-10-10T01:55:02+00:00
FLUT,Flutter Entertainment plc,NYQ,Consumer Cyclical,,13844950016.0,79.78,EQUITY,2026-10-10T01:55:02+00:00
JLL,Jones Lang LaSalle Incorporated,NYQ,Real Estate,,13796329472.0,299.87,EQUITY,2026-10-10T01:55:02+00:00
CX,"Cemex, S.A.B. de C.V. Sponsored",NYQ,Basic Materials,,13794625536.0,9.56,EQUITY,2026-10-10T01:55:02+00:00
NLY,Annaly Capital Management Inc.,NYQ,Real Estate,,13792973824.0,18.3,EQUITY,2026-10-10T01:55:02+00:00
AGI,Alamos Gold Inc.,NYQ,Basic Materials,,13772088320.0,32.9,EQUITY,2026-10-10T01:55:02+00:00
RNR,RenaissanceRe Holdings Ltd.,NYQ,Financial Services,,13769465856.0,331.38,EQUITY,2026-10-10T01:55:02+00:00
WY,Weyerhaeuser Company,NYQ,Real Estate,,13766057984.0,19.1,EQUITY,2026-10-10T01:55:02+00:00
GWRE,"Guidewire Software, Inc.",NYQ,Technology,,13719014400.0,167.32,EQUITY,2026-10-10T01:55:02+00:00
CG,The Carlyle Group Inc.,NMS,Financial Services,,13690305536.0,38.42,EQUITY,2026-10-10T01:55:02+00:00
TME,Tencent Music Entertainment Gro,NYQ,Communication Services,,13657432064.0,8.38,EQUITY,2026-10-10T01:55:02+00:00
RML,RESOLUTION MINERALS LTD,NCM,Basic Materials,,13638810624.0,5.31,EQUITY,2026-10-10T01:55:02+00:00
MAA,Mid-America Apartment Communiti,NYQ,Real Estate,,13944511488.0,116.86,EQUITY,2026-10-10T01:55:02+00:00
MAS,Masco Corporation,NYQ,Industrials,,13556635648.0,68.75,EQUITY,2026-10-10T01:55:02+00:00
TYL,"Tyler Technologies, Inc.",NYQ,Technology,,13495820288.0,329.55,EQUITY,2026-10-10T01:55:02+00:00
CACI,"CACI International, Inc.",NYQ,Technology,,13495118848.0,610.65,EQUITY,2026-10-10T01:55:02+00:00
DKS,Dick's Sporting Goods Inc,NYQ,Consumer Cyclical,,13463653376.0,136.65,EQUITY,2026-10-10T01:55:02+00:00
MLI,"Mueller Industries, Inc.",NYQ,Industrials,,13427921920.0,60.71,EQUITY,2026-10-10T01:55:02+00:00
GME,GameStop Corporation,NYQ,Consumer Cyclical,,13399545856.0,26.56,EQUITY,2026-10-10T01:55:02+00:00
SWK,"Stanley Black & Decker, Inc.",NYQ,Industrials,,13375543296.0,88.57,EQUITY,2026-10-10T01:55:02+00:00
EQX,Equinox Gold Corp.,ASE,Basic Materials,,13332391936.0,11.42,EQUITY,2026-10-10T01:55:02+00:00
TIGO,Millicom International Cellular,NMS,Communication Services,,13329591296.0,79.48,EQUITY,2026-10-10T01:55:02+00:00
ARCC,Ares Capital Corporation,NMS,Financial Services,,13326503936.0,18.56,EQUITY,2026-10-10T01:55:02+00:00
GNRC,Generac Holdlings Inc.,NYQ,Industrials,,13285841920.0,224.94,EQUITY,2026-10-10T01:55:02+00:00
DOCU,"DocuSign, Inc.",NMS,Technology,,13285026816.0,71.08,EQUITY,2026-10-10T01:55:02+00:00
OHI,"Omega Healthcare Investors, Inc",NYQ,Real Estate,,14006704128.0,44.41,EQUITY,2026-10-10T01:55:02+00:00
GDDY,GoDaddy Inc.,NYQ,Technology,,13215687680.0,104.35,EQUITY,2026-10-10T01:55:02+00:00
REG,Regency Centers Corporation,NMS,Real Estate,,13470377984.0,72.05,EQUITY,2026-10-10T01:55:02+00:00
BWXT,"BWX Technologies, Inc.",NYQ,Industrials,,13177990144.0,143.83,EQUITY,2026-10-10T01:55:02+00:00
HAS,"Hasbro, Inc.",NMS,Consumer Cyclical,,13162269696.0,93.32,EQUITY,2026-10-10T01:55:02+00:00
SKM,"SK Telecom Co., Ltd.",NYQ,Communication Services,,13144395776.0,34.24,EQUITY,2026-10-10T01:55:02+00:00
AIZ,"Assurant, Inc.",NYQ,Financial Services,,13144290304.0,266.49,EQUITY,2026-10-10T01:55:02+00:00
CORT,Corcept Therapeutics Incorporat,NCM,Healthcare,,13100445696.0,121.19,EQUITY,2026-10-10T01:55:02+00:00
NXT,Nextpower Inc.,NMS,Technology,,13229798400.0,86.11,EQUITY,2026-10-10T01:55:02+00:00
COKE,"Coca-Cola Consolidated, Inc.",NMS,Consumer Defensive,,13062578176.0,196.24,EQUITY,2026-10-10T01:55:02+00:00
GRAB,Grab Holdings Limited,NMS,Technology,,13051253760.0,3.19,EQUITY,2026-10-10T01:55:02+00:00
IVZ,Invesco Ltd,NYQ,Financial Services,,13028658176.0,29.51,EQUITY,2026-10-10T01:55:02+00:00
TKO,"TKO Group Holdings, Inc.",NYQ,Communication Services,,33691899904.0,178.01,EQUITY,2026-10-10T01:55:02+00:00
STLA,Stellantis N.V.,NYQ,Consumer Cyclical,,12996216832.0,4.48,EQUITY,2026-10-10T01:55:02+00:00
DOC,"Healthpeak Properties, Inc.",NYQ,Real Estate,,13328207872.0,18.8,EQUITY,2026-10-10T01:55:02+00:00
TXT,Textron Inc.,NYQ,Industrials,,12895606784.0,74.16,EQUITY,2026-10-10T01:55:02+00:00
PAG,"Penske Automotive Group, Inc.",NYQ,Consumer Cyclical,,12880429056.0,196.16,EQUITY,2026-10-10T01:55:02+00:00
AVY,Avery Dennison Corporation,NYQ,Consumer Cyclical,,12836617216.0,167.82,EQUITY,2026-10-10T01:55:02+00:00
SJM,The J.M. Smucker Company,NYQ,Consumer Defensive,,12800622592.0,119.83,EQUITY,2026-10-10T01:55:02+00:00
TEM,"Tempus AI, Inc.",NMS,Healthcare,,12798236672.0,70.93,EQUITY,2026-10-10T01:55:02+00:00
ALLE,Allegion plc,NYQ,Industrials,,12796335104.0,150.48,EQUITY,2026-10-10T01:55:02+00:00
BBIO,"BridgeBio Pharma, Inc.",NMS,Healthcare,,12775467008.0,65.35,EQUITY,2026-10-10T01:55:02+00:00
TTMI,"TTM Technologies, Inc.",NMS,Technology,,12748266496.0,121.01,EQUITY,2026-10-10T01:55:02+00:00
CSL,Carlisle Companies Incorporated,NYQ,Industrials,,12722819072.0,320.36,EQUITY,2026-10-10T01:55:02+00:00
GGG,Graco Inc.,NYQ,Industrials,,12666407936.0,78.21,EQUITY,2026-10-10T01:55:02+00:00
ICLR,ICON plc,NMS,Healthcare,,12666405888.0,164.17,EQUITY,2026-10-10T01:55:02+00:00
EMBJ,Embraer S.A.,NYQ,Industrials,,12663512064.0,71.16,EQUITY,2026-10-10T01:55:02+00:00
DTM,"DT Midstream, Inc.",NYQ,Energy,,12650916864.0,124.01,EQUITY,2026-10-10T01:55:02+00:00
TLK,"PT Telekomunikasi Indonesia, Tb",NYQ,Communication Services,,12647934976.0,12.83,EQUITY,2026-10-10T01:55:02+00:00
GL,Globe Life Inc.,NYQ,Financial Services,,12616373248.0,164.17,EQUITY,2026-10-10T01:55:02+00:00
IESC,"IES Holdings, Inc.",NGM,Industrials,,12616278016.0,297.52,EQUITY,2026-10-10T01:55:02+00:00
FROG,JFrog Ltd.,NMS,Technology,,12605093888.0,102.23,EQUITY,2026-10-10T01:55:02+00:00
BAX,Baxter International Inc.,NYQ,Healthcare,,12588853248.0,24.35,EQUITY,2026-10-10T01:55:02+00:00
PEN,"Penumbra, Inc.",NYQ,Healthcare,,12580981760.0,319.4,EQUITY,2026-10-10T01:55:02+00:00
MKC-V,"McCormick & Company, Incorporat",NYQ,Consumer Defensive,,12573382656.0,46.73,EQUITY,2026-10-10T01:55:02+00:00
PSLV,"""Sprott Physical Silver Trust""",ASE,Financial Services,,12567419904.0,19.89,EQUITY,2026-10-10T01:55:02+00:00
SEIC,SEI Investments Company,NMS,Financial Services,,12566007808.0,104.7,EQUITY,2026-10-10T01:55:02+00:00
TRU,TransUnion,NYQ,Financial Services,,12545969152.0,65.48,EQUITY,2026-10-10T01:55:02+00:00
HALO,"Halozyme Therapeutics, Inc.",NMS,Healthcare,,12532449280.0,110.42,EQUITY,2026-10-10T01:55:02+00:00
CNA,CNA Financial Corporation,NYQ,Financial Services,,12493644800.0,46.17,EQUITY,2026-10-10T01:55:02+00:00
FRO,Frontline Plc,NYQ,Energy,,12489144320.0,56.1,EQUITY,2026-10-10T01:55:02+00:00
BWA,BorgWarner Inc.,NYQ,Consumer Cyclical,,12484747264.0,61.3,EQUITY,2026-10-10T01:55:02+00:00
RPM,RPM International Inc.,NYQ,Basic Materials,,12463867904.0,97.73,EQUITY,2026-10-10T01:55:02+00:00
BJ,"BJ's Wholesale Club Holdings, I",NYQ,Consumer Defensive,,12452102144.0,98.58,EQUITY,2026-10-10T01:55:02+00:00
BF-A,Brown Forman Inc,NYQ,Consumer Defensive,,12348037120.0,26.91,EQUITY,2026-10-10T01:55:02+00:00
AIT,Applied Industrial Technologies,NYQ,Industrials,,12319814656.0,335.38,EQUITY,2026-10-10T01:55:02+00:00
LII,"Lennox International, Inc.",NYQ,Industrials,,12318807040.0,356.44,EQUITY,2026-10-10T01:55:02+00:00
VICR,Vicor Corporation,NMS,Technology,,12267618304.0,266.07,EQUITY,2026-10-10T01:55:02+00:00
TOL,"Toll Brothers, Inc.",NYQ,Consumer Cyclical,,12267530240.0,133.13,EQUITY,2026-10-10T01:55:02+00:00
AEG,Aegon Ltd. New York Registry Sh,NYQ,Financial Services,,12195122176.0,8.24,EQUITY,2026-10-10T01:55:02+00:00
AMKR,"Amkor Technology, Inc.",NMS,Technology,,12175497216.0,49.12,EQUITY,2026-10-10T01:55:02+00:00
EHC,Encompass Health Corporation,NYQ,Healthcare,,12166922240.0,123.33,EQUITY,2026-10-10T01:55:02+00:00
TU,Telus Corporation,NYQ,Communication Services,,12159000576.0,7.72,EQUITY,2026-10-10T01:55:02+00:00
MAIR,Madison Air Solutions Corporati,NYQ,Industrials,,12151721984.0,24.22,EQUITY,2026-10-10T01:55:02+00:00
BF-B,Brown Forman Inc,NYQ,Consumer Defensive,,12109427712.0,26.39,EQUITY,2026-10-10T01:55:02+00:00
IT,"Gartner, Inc.",NYQ,Technology,,12070926336.0,191.15,EQUITY,2026-10-10T01:55:02+00:00
MKC,"McCormick & Company, Incorporat",NYQ,Consumer Defensive,,12056779776.0,44.81,EQUITY,2026-10-10T01:55:02+00:00
CSGP,"CoStar Group, Inc.",NMS,Real Estate,,12022212608.0,29.67,EQUITY,2026-10-10T01:55:02+00:00
FIG,"Figma, Inc.",NYQ,Technology,,11992721408.0,22.5,EQUITY,2026-10-10T01:55:02+00:00
PAC,Grupo Aeroportuario Del Pacific,NYQ,Industrials,,11989616640.0,201.5,EQUITY,2026-10-10T01:55:02+00:00
PNW,Pinnacle West Capital Corporati,NYQ,Utilities,,11988830208.0,98.92,EQUITY,2026-10-10T01:55:02+00:00
PINS,"Pinterest, Inc.",NYQ,Communication Services,,11987365888.0,21.4,EQUITY,2026-10-10T01:55:02+00:00
ALB,Albemarle Corporation,NYQ,Basic Materials,,11950371840.0,101.27,EQUITY,2026-10-10T01:55:02+00:00
MANH,"Manhattan Associates, Inc.",NMS,Technology,,11946105856.0,204.89,EQUITY,2026-10-10T01:55:02+00:00
SAIL,"SailPoint, Inc.",NMS,Technology,,11857835008.0,20.77,EQUITY,2026-10-10T01:55:02+00:00
CR,Crane Company,NYQ,Industrials,,11834622976.0,204.75,EQUITY,2026-10-10T01:55:02+00:00
CHTR,"Charter Communications, Inc.",NMS,Communication Services,,13435016192.0,103.38,EQUITY,2026-10-10T01:55:02+00:00
FIVE,"Five Below, Inc.",NMS,Consumer Cyclical,,11821753344.0,214.73,EQUITY,2026-10-10T01:55:02+00:00
WTS,"Watts Water Technologies, Inc.",NYQ,Industrials,,11774869504.0,352.72,EQUITY,2026-10-10T01:55:02+00:00
CCK,"Crown Holdings, Inc.",NYQ,Consumer Cyclical,,11774412800.0,108.26,EQUITY,2026-10-10T01:55:02+00:00
ONON,On Holding AG,NYQ,Consumer Cyclical,,11727593472.0,35.09,EQUITY,2026-10-10T01:55:02+00:00
AFG,"American Financial Group, Inc.",NYQ,Financial Services,,11698560000.0,141.08,EQUITY,2026-10-10T01:55:02+00:00
AUR,"Aurora Innovation, Inc.",NMS,Consumer Cyclical,,11684225024.0,5.83,EQUITY,2026-10-10T01:55:02+00:00
WSE,Wise Group plc,NMS,Technology,,11676867584.0,11.87,EQUITY,2026-10-10T01:55:02+00:00
MOG-B,Moog Inc.,NYQ,Industrials,,11665758208.0,368.34,EQUITY,2026-10-10T01:55:02+00:00
SANM,Sanmina Corporation,NMS,Technology,,11656889344.0,217.49,EQUITY,2026-10-10T01:55:02+00:00
RMBS,"Rambus, Inc.",NMS,Technology,,11621480448.0,107.47,EQUITY,2026-10-10T01:55:02+00:00
ERIE,Erie Indemnity Company,NMS,Financial Services,,11610441728.0,222.04,EQUITY,2026-10-10T01:55:02+00:00
ARW,"Arrow Electronics, Inc.",NYQ,Technology,,11601345536.0,227.9,EQUITY,2026-10-10T01:55:02+00:00
HBM,Hudbay Minerals Inc.,NYQ,Basic Materials,,11601061888.0,26.12,EQUITY,2026-10-10T01:55:02+00:00
AEIS,"Advanced Energy Industries, Inc",NMS,Industrials,,11560960000.0,288.66,EQUITY,2026-10-10T01:55:02+00:00
WSO,"Watsco, Inc.",NYQ,Industrials,,11546487808.0,279.9,EQUITY,2026-10-10T01:55:02+00:00
DVA,DaVita Inc.,NYQ,Healthcare,,11505161216.0,179.25,EQUITY,2026-10-10T01:55:02+00:00
MOG-A,Moog Inc.,NYQ,Industrials,,11499484160.0,363.09,EQUITY,2026-10-10T01:55:02+00:00
ELAN,Elanco Animal Health Incorporat,NYQ,Healthcare,,11451332608.0,22.92,EQUITY,2026-10-10T01:55:02+00:00
HL,Hecla Mining Company,NYQ,Basic Materials,,11449060352.0,17.07,EQUITY,2026-10-10T01:55:02+00:00
ELS,"Equity Lifestyle Properties, In",NYQ,Real Estate,,11824651264.0,59.01,EQUITY,2026-10-10T01:55:02+00:00
ALLY,Ally Financial Inc.,NYQ,Financial Services,,11434865664.0,37.59,EQUITY,2026-10-10T01:55:02+00:00
TX,Ternium S.A. Ternium S.A.,NYQ,Basic Materials,,11421180928.0,58.18,EQUITY,2026-10-10T01:55:02+00:00
SNN,"Smith & Nephew SNATS, Inc.",NYQ,Healthcare,,11400382464.0,27.24,EQUITY,2026-10-10T01:55:02+00:00
CHYM,"Chime Financial, Inc.",NMS,Technology,,11387840512.0,30.08,EQUITY,2026-10-10T01:55:02+00:00
HUBS,"HubSpot, Inc.",NYQ,Technology,,11384453120.0,228.3,EQUITY,2026-10-10T01:55:02+00:00
TECH,Bio-Techne Corp,NMS,Healthcare,,11363049472.0,72.46,EQUITY,2026-10-10T01:55:02+00:00
CART,Maplebear Inc.,NMS,Consumer Cyclical,,11335043072.0,47.76,EQUITY,2026-10-10T01:55:02+00:00
DECK,Deckers Outdoor Corporation,NYQ,Consumer Cyclical,,11288114176.0,82.89,EQUITY,2026-10-10T01:55:02+00:00
LI,Li Auto Inc.,NMS,Consumer Cyclical,,11277747200.0,11.54,EQUITY,2026-10-10T01:55:02+00:00
NVMI,Nova Ltd.,NMS,Technology,,11227574272.0,353.0,EQUITY,2026-10-10T01:55:02+00:00
QXO,"QXO, Inc.",NYQ,Industrials,,11215275008.0,10.81,EQUITY,2026-10-10T01:55:02+00:00
FMS,Fresenius Medical Care AG,NYQ,Healthcare,,11208539136.0,21.06,EQUITY,2026-10-10T01:55:02+00:00
VIAV,Viavi Solutions Inc.,NMS,Technology,,11179619328.0,45.46,EQUITY,2026-10-10T01:55:02+00:00
UHAL,U-Haul Holding Company,NYQ,Industrials,,11156242432.0,57.39,EQUITY,2026-10-10T01:55:02+00:00
IBRX,"ImmunityBio, Inc.",NMS,Healthcare,,11138879488.0,10.51,EQUITY,2026-10-10T01:55:02+00:00
AA,Alcoa Corporation,NYQ,Basic Materials,,11136978944.0,42.2,EQUITY,2026-10-10T01:55:02+00:00
GLPI,"Gaming and Leisure Properties, ",NMS,Real Estate,,11464878080.0,38.28,EQUITY,2026-10-10T01:55:02+00:00
AMH,American Homes 4 Rent,NYQ,Real Estate,,12647019520.0,30.85,EQUITY,2026-10-10T01:55:02+00:00
UDR,"UDR, Inc.",NYQ,Real Estate,,12641993728.0,34.12,EQUITY,2026-10-10T01:55:02+00:00
AHR,"American Healthcare REIT, Inc.",NYQ,Real Estate,,11074336768.0,50.8,EQUITY,2026-10-10T01:55:02+00:00
WTRG,"Essential Utilities, Inc.",NYQ,Utilities,,11061689344.0,38.98,EQUITY,2026-10-10T01:55:02+00:00
RGEN,Repligen Corporation,NMS,Healthcare,,11039705088.0,173.88,EQUITY,2026-10-10T01:55:02+00:00
AR,Antero Resources Corporation,NYQ,Energy,,11037061120.0,35.9,EQUITY,2026-10-10T01:55:02+00:00
PSKY,Paramount Skydance Corporation,NMS,Communication Services,,10992190464.0,9.775,EQUITY,2026-10-10T01:55:02+00:00
RRX,Regal Rexnord Corporation,NYQ,Industrials,,10989656064.0,165.03,EQUITY,2026-10-10T01:55:02+00:00
FPS,"Forgent Power Solutions, Inc.",NYQ,Industrials,,12768961536.0,40.03,EQUITY,2026-10-10T01:55:02+00:00
LULU,lululemon athletica inc.,NMS,Consumer Cyclical,,10945555456.0,94.5,EQUITY,2026-10-10T01:55:02+00:00
FHN,First Horizon Corporation,NYQ,Financial Services,,10934776832.0,23.08,EQUITY,2026-10-10T01:55:02+00:00
MDGL,"Madrigal Pharmaceuticals, Inc.",NMS,Healthcare,,10899371008.0,471.75,EQUITY,2026-10-10T01:55:02+00:00
FORM,"FormFactor, Inc.",NMS,Technology,,10887942144.0,139.67,EQUITY,2026-10-10T01:55:02+00:00
GSAT,"Globalstar, Inc.",NMS,Communication Services,,10860003328.0,83.82,EQUITY,2026-10-10T01:55:02+00:00
LFUS,"Littelfuse, Inc.",NMS,Technology,,10832566272.0,426.5,EQUITY,2026-10-10T01:55:02+00:00
FRHC,Freedom Holding Corp.,NCM,Financial Services,,10821576704.0,169.65,EQUITY,2026-10-10T01:55:02+00:00
IAG,Iamgold Corporation,NYQ,Basic Materials,,10734799872.0,18.8,EQUITY,2026-10-10T01:55:02+00:00
NYT,New York Times Company (The),NYQ,Communication Services,,10696327168.0,66.32,EQUITY,2026-10-10T01:55:02+00:00
AES,The AES Corporation,NYQ,Utilities,,10654575616.0,14.94,EQUITY,2026-10-10T01:55:02+00:00
PAYP,PayPay Corporation - American D,NMS,Technology,,10637918208.0,15.71,EQUITY,2026-10-10T01:55:02+00:00
PCVX,"Vaxcyte, Inc.",NMS,Healthcare,,10621720576.0,71.38,EQUITY,2026-10-10T01:55:02+00:00
SF,Stifel Financial Corporation,NYQ,Financial Services,,10621461504.0,70.34,EQUITY,2026-10-10T01:55:02+00:00
BMRN,BioMarin Pharmaceutical Inc.,NMS,Healthcare,,10606873600.0,54.795,EQUITY,2026-10-10T01:55:02+00:00
TXRH,"Texas Roadhouse, Inc.",NMS,Consumer Cyclical,,10601010176.0,161.5,EQUITY,2026-10-10T01:55:02+00:00
AVTR,"Avantor, Inc.",NYQ,Healthcare,,10598543360.0,15.67,EQUITY,2026-10-10T01:55:02+00:00
TWST,Twist Bioscience Corporation,NMS,Healthcare,,10593601536.0,159.78,EQUITY,2026-10-10T01:55:02+00:00
CGNX,Cognex Corporation,NMS,Technology,,10584643584.0,62.92,EQUITY,2026-10-10T01:55:02+00:00
HMY,Harmony Gold Mining Company Lim,NYQ,Basic Materials,,10568774656.0,16.88,EQUITY,2026-10-10T01:55:02+00:00
BSY,"Bentley Systems, Incorporated",NMS,Technology,,10564189184.0,34.97,EQUITY,2026-10-10T01:55:02+00:00
HRL,Hormel Foods Corporation,NYQ,Consumer Defensive,,10561231872.0,19.19,EQUITY,2026-10-10T01:55:02+00:00
SUZ,Suzano S.A.,NYQ,Basic Materials,,10554474496.0,8.57,EQUITY,2026-10-10T01:55:02+00:00
EGP,"EastGroup Properties, Inc.",NYQ,Real Estate,,10538493952.0,195.98,EQUITY,2026-10-10T01:55:02+00:00
SNAP,Snap Inc.,NYQ,Communication Services,,10536161280.0,6.23,EQUITY,2026-10-10T01:55:02+00:00
ELPC,Companhia Paranaense de Energia,NYQ,Utilities,,10534692864.0,14.19,EQUITY,2026-10-10T01:55:02+00:00
TXG,"10x Genomics, Inc.",NMS,Healthcare,,10507982848.0,80.65,EQUITY,2026-10-10T01:55:02+00:00
KNX,Knight-Swift Transportation Hol,NYQ,Industrials,,10492879872.0,64.47,EQUITY,2026-10-10T01:55:02+00:00
SCI,Service Corporation Internation,NYQ,Consumer Cyclical,,10482186240.0,76.91,EQUITY,2026-10-10T01:55:02+00:00
JKHY,"Jack Henry & Associates, Inc.",NMS,Technology,,10468422656.0,149.31,EQUITY,2026-10-10T01:55:02+00:00
PAYC,"Paycom Software, Inc.",NYQ,Technology,,10466531328.0,232.22,EQUITY,2026-10-10T01:55:02+00:00
EVR,Evercore Inc.,NYQ,Financial Services,,10455130112.0,271.86,EQUITY,2026-10-10T01:55:02+00:00
UHS,"Universal Health Services, Inc.",NYQ,Healthcare,,10452391936.0,177.35,EQUITY,2026-10-10T01:55:02+00:00
CIG-C,Comp En De Mn Cemig,NYQ,Utilities,,10441489408.0,3.65,EQUITY,2026-10-10T01:55:02+00:00
MICC,The Magnum Ice Cream Company N.,NYQ,Consumer Defensive,,10434969600.0,17.28,EQUITY,2026-10-10T01:55:02+00:00
HII,"Huntington Ingalls Industries, ",NYQ,Industrials,,10434337792.0,264.8,EQUITY,2026-10-10T01:55:02+00:00
FNF,"Fidelity National Financial, In",NYQ,Financial Services,,10405881856.0,38.8,EQUITY,2026-10-10T01:55:02+00:00
RDY,Dr. Reddy's Laboratories Ltd,NYQ,Healthcare,,10395697152.0,12.48,EQUITY,2026-10-10T01:55:02+00:00
HUT,Hut 8 Corp.,NMS,Financial Services,,10387075072.0,84.27,EQUITY,2026-10-10T01:55:02+00:00
COO,"The Cooper Companies, Inc.",NMS,Healthcare,,10338743296.0,54.37,EQUITY,2026-10-10T01:55:02+00:00
ESTC,Elastic N.V.,NYQ,Technology,,10313293824.0,98.23,EQUITY,2026-10-10T01:55:02+00:00
OSCR,"Oscar Health, Inc.",NYQ,Healthcare,,10299483136.0,33.37,EQUITY,2026-10-10T01:55:02+00:00
MOH,Molina Healthcare Inc,NYQ,Healthcare,,10279745536.0,196.93,EQUITY,2026-10-10T01:55:02+00:00
AGNC,AGNC Investment Corp.,NMS,Real Estate,,10278124544.0,8.67,EQUITY,2026-10-10T01:55:02+00:00
DPZ,Domino's Pizza Inc,NMS,Consumer Cyclical,,10234165248.0,309.36,EQUITY,2026-10-10T01:55:02+00:00
FDS,FactSet Research Systems Inc.,NYQ,Financial Services,,10213712896.0,287.18,EQUITY,2026-10-10T01:55:02+00:00
PSO,"Pearson, Plc",NYQ,Communication Services,,10200141824.0,16.97,EQUITY,2026-10-10T01:55:02+00:00
RTO,Rentokil Initial plc,NYQ,Industrials,,10185739264.0,20.24,EQUITY,2026-10-10T01:55:02+00:00
BNT,Brookfield Wealth Solutions Ltd,NYQ,Financial Services,,10168301568.0,37.06,EQUITY,2026-10-10T01:55:02+00:00
ALGN,"Align Technology, Inc.",NMS,Healthcare,,10138098688.0,142.71,EQUITY,2026-10-10T01:55:02+00:00
CLX,Clorox Company (The),NYQ,Consumer Defensive,,10134620160.0,83.8,EQUITY,2026-10-10T01:55:02+00:00
QRVO,"Qorvo, Inc.",NMS,Technology,,10071849984.0,114.17,EQUITY,2026-10-10T01:55:02+00:00
DCI,"Donaldson Company, Inc.",NYQ,Industrials,,10068279296.0,86.93,EQUITY,2026-10-10T01:55:02+00:00
GGB,Gerdau S.A.,NYQ,Basic Materials,,10044427264.0,5.12,EQUITY,2026-10-10T01:55:02+00:00
DDS,"Dillard's, Inc.",ASE,Consumer Cyclical,,10031435776.0,642.24,EQUITY,2026-10-10T01:55:02+00:00
GMED,"Globus Medical, Inc.",NYQ,Healthcare,,10022652928.0,74.65,EQUITY,2026-10-10T01:55:02+00:00
AMG,"Affiliated Managers Group, Inc.",NYQ,Financial Services,,10014517248.0,387.26,EQUITY,2026-10-10T01:55:02+00:00
ENSG,"The Ensign Group, Inc.",NMS,Healthcare,,10012921856.0,171.8,EQUITY,2026-10-10T01:55:02+00:00
AM,Antero Midstream Corporation,NYQ,Energy,,10010874880.0,21.09,EQUITY,2026-10-10T01:55:02+00:00
PBF,PBF Energy Inc.,NYQ,Energy,,9989099520.0,84.27,EQUITY,2026-10-10T01:55:02+00:00
BPOP,"Popular, Inc.",NMS,Financial Services,,9967941632.0,156.29,EQUITY,2026-10-10T01:55:02+00:00
VSAT,"ViaSat, Inc.",NMS,Technology,,9919796224.0,72.01,EQUITY,2026-10-10T01:55:02+00:00
UMBF,UMB Financial Corporation,NMS,Financial Services,,9896289280.0,130.3,EQUITY,2026-10-10T01:55:02+00:00
EGO,Eldorado Gold Corporation,NYQ,Basic Materials,,9822116864.0,37.66,EQUITY,2026-10-10T01:55:02+00:00
KRYS,"Krystal Biotech, Inc.",NMS,Healthcare,,9815269376.0,331.61,EQUITY,2026-10-10T01:55:02+00:00
CPT,Camden Property Trust,NYQ,Real Estate,,9810630656.0,97.58,EQUITY,2026-10-10T01:55:02+00:00
BIO,"Bio-Rad Laboratories, Inc.",NYQ,Healthcare,,9799026688.0,366.16,EQUITY,2026-10-10T01:55:02+00:00
UHAL-B,U-Haul Holding Company Series N,NYQ,Industrials,,9791599616.0,50.37,EQUITY,2026-10-10T01:55:02+00:00
GKOS,Glaukos Corporation,NYQ,Healthcare,,9773048832.0,165.69,EQUITY,2026-10-10T01:55:02+00:00
SOLS,Solstice Advanced Materials Inc,NMS,Basic Materials,,9745286144.0,61.35,EQUITY,2026-10-10T01:55:02+00:00
MUSA,Murphy USA Inc.,NYQ,Consumer Cyclical,,9725777920.0,529.14,EQUITY,2026-10-10T01:55:02+00:00
SSB,SouthState Bank Corporation,NYQ,Financial Services,,9721697280.0,100.25,EQUITY,2026-10-10T01:55:02+00:00
DKNG,DraftKings Inc.,NMS,Consumer Cyclical,,9720569856.0,19.58,EQUITY,2026-10-10T01:55:02+00:00
MSGS,Madison Square Garden Sports Co,NYQ,Communication Services,,9687359488.0,402.3,EQUITY,2026-10-10T01:55:02+00:00
SSL,Sasol Ltd.,NYQ,Basic Materials,,9686079488.0,15.11,EQUITY,2026-10-10T01:55:02+00:00
DRS,"Leonardo DRS, Inc.",NMS,Industrials,,9672148992.0,36.24,EQUITY,2026-10-10T01:55:02+00:00
WTFC,Wintrust Financial Corporation,NMS,Financial Services,,9664499712.0,143.25,EQUITY,2026-10-10T01:55:02+00:00
MOD,Modine Manufacturing Company,NYQ,Consumer Cyclical,,9643143168.0,181.56,EQUITY,2026-10-10T01:55:02+00:00
OGE,OGE Energy Corp,NYQ,Utilities,,9596405760.0,46.5,EQUITY,2026-10-10T01:55:02+00:00
HSIC,"Henry Schein, Inc.",NMS,Healthcare,,9570147328.0,84.01,EQUITY,2026-10-10T01:55:02+00:00
RRC,Range Resources Corporation,NYQ,Energy,,9555154944.0,40.89,EQUITY,2026-10-10T01:55:02+00:00
DAR,Darling Ingredients Inc.,NYQ,Consumer Defensive,,9509202944.0,60.26,EQUITY,2026-10-10T01:55:02+00:00
WMS,"Advanced Drainage Systems, Inc.",NYQ,Industrials,,9485238272.0,125.79,EQUITY,2026-10-10T01:55:02+00:00
XPEV,XPeng Inc.,NYQ,Consumer Cyclical,,9483968512.0,9.9,EQUITY,2026-10-10T01:55:02+00:00
MTCH,"Match Group, Inc.",NMS,Communication Services,,9432250368.0,41.09,EQUITY,2026-10-10T01:55:02+00:00
ENLT,Enlight Renewable Energy Ltd.,NMS,Utilities,,9430948864.0,67.41,EQUITY,2026-10-10T01:55:02+00:00
BXP,"BXP, Inc.",NYQ,Real Estate,,10680811520.0,59.05,EQUITY,2026-10-10T01:55:02+00:00
ONB,Old National Bancorp,NMS,Financial Services,,9403570176.0,24.58,EQUITY,2026-10-10T01:55:02+00:00
PODD,Insulet Corporation,NMS,Healthcare,,9382236160.0,135.28,EQUITY,2026-10-10T01:55:02+00:00
TFII,TFI International Inc.,NYQ,Industrials,,9380690944.0,114.13,EQUITY,2026-10-10T01:55:02+00:00
QGEN,Qiagen N.V.,NYQ,Healthcare,,9370743808.0,45.38,EQUITY,2026-10-10T01:55:02+00:00
KYMR,"Kymera Therapeutics, Inc.",NGM,Healthcare,,9346128896.0,112.4,EQUITY,2026-10-10T01:55:02+00:00
CFR,"Cullen/Frost Bankers, Inc.",NYQ,Financial Services,,9337233408.0,150.24,EQUITY,2026-10-10T01:55:02+00:00
AAOI,"Applied Optoelectronics, Inc.",NGM,Technology,,9309125632.0,109.64,EQUITY,2026-10-10T01:55:02+00:00
PTGX,"Protagonist Therapeutics, Inc.",NGM,Healthcare,,9300520960.0,143.73,EQUITY,2026-10-10T01:55:02+00:00
APTV,Aptiv PLC,NYQ,Consumer Cyclical,,9268978688.0,43.8,EQUITY,2026-10-10T01:55:02+00:00
FCFS,"FirstCash Holdings, Inc.",NMS,Financial Services,,9268553728.0,213.7,EQUITY,2026-10-10T01:55:02+00:00
FLS,Flowserve Corporation,NYQ,Industrials,,9237891072.0,72.28,EQUITY,2026-10-10T01:55:02+00:00
ORI,Old Republic International Corp,NYQ,Financial Services,,9215494144.0,38.17,EQUITY,2026-10-10T01:55:02+00:00
GTLB,GitLab Inc.,NMS,Technology,,9178820608.0,55.09,EQUITY,2026-10-10T01:55:02+00:00
FRT,Federal Realty Investment Trust,NYQ,Real Estate,,9227257856.0,106.16,EQUITY,2026-10-10T01:55:02+00:00
R,"Ryder System, Inc.",NYQ,Industrials,,9147645952.0,238.55,EQUITY,2026-10-10T01:55:02+00:00
S,"SentinelOne, Inc.",NYQ,Technology,,9143250944.0,26.27,EQUITY,2026-10-10T01:55:02+00:00
ZION,Zions Bancorporation N.A.,NMS,Financial Services,,9120625664.0,62.49,EQUITY,2026-10-10T01:55:02+00:00
HLI,"Houlihan Lokey, Inc.",NYQ,Financial Services,,9096426496.0,130.16,EQUITY,2026-10-10T01:55:02+00:00
EDU,New Oriental Education & Techno,NYQ,Consumer Defensive,,9089384448.0,58.63,EQUITY,2026-10-10T01:55:02+00:00
VMI,"Valmont Industries, Inc.",NYQ,Industrials,,9081900032.0,467.81,EQUITY,2026-10-10T01:55:02+00:00
LTH,"Life Time Group Holdings, Inc.",NYQ,Consumer Cyclical,,9077023744.0,40.62,EQUITY,2026-10-10T01:55:02+00:00
ALSN,"Allison Transmission Holdings, ",NYQ,Consumer Cyclical,,9072023552.0,109.86,EQUITY,2026-10-10T01:55:02+00:00
TTC,Toro Company (The),NYQ,Industrials,,9067804672.0,95.79,EQUITY,2026-10-10T01:55:02+00:00
LLYVK,"Liberty Live Holdings, Inc. - S",NMS,Communication Services,,9034928128.0,98.2,EQUITY,2026-10-10T01:55:02+00:00
JEF,Jefferies Financial Group Inc.,NYQ,Financial Services,,9026537472.0,44.38,EQUITY,2026-10-10T01:55:02+00:00
OC,Owens Corning Inc,NYQ,Industrials,,9024197632.0,114.16,EQUITY,2026-10-10T01:55:02+00:00
NIO,NIO Inc.,NYQ,Consumer Cyclical,,8970288128.0,3.58,EQUITY,2026-10-10T01:55:02+00:00
BRKR,Bruker Corporation,NMS,Healthcare,,8964822016.0,58.84,EQUITY,2026-10-10T01:55:02+00:00
SAIA,"Saia, Inc.",NMS,Industrials,,8959269888.0,336.75,EQUITY,2026-10-10T01:55:02+00:00
BEP,Brookfield Renewable Partners L,NYQ,Utilities,,14395676672.0,29.53,EQUITY,2026-10-10T01:55:02+00:00
YMM,Full Truck Alliance Co. Ltd.,NYQ,Technology,,8952854528.0,8.56,EQUITY,2026-10-10T01:55:02+00:00
SIMO,Silicon Motion Technology Corpo,NMS,Technology,,8948383744.0,263.9,EQUITY,2026-10-10T01:55:02+00:00
SIRI,SiriusXM Holdings Inc.,NMS,Communication Services,,8935643136.0,26.51,EQUITY,2026-10-10T01:55:02+00:00
AYI,Acuity Inc.,NYQ,Industrials,,8930971648.0,298.34,EQUITY,2026-10-10T01:55:02+00:00
BAH,Booz Allen Hamilton Holding Cor,NYQ,Industrials,,8893871104.0,73.94,EQUITY,2026-10-10T01:55:02+00:00
ESI,Element Solutions Inc.,NYQ,Basic Materials,,8850677760.0,36.32,EQUITY,2026-10-10T01:55:02+00:00
ARWR,"Arrowhead Pharmaceuticals, Inc.",NMS,Healthcare,,8838777856.0,62.75,EQUITY,2026-10-10T01:55:02+00:00
CTVA,"Corteva, Inc.",NYQ,Basic Materials,,8833675264.0,13.24,EQUITY,2026-10-10T01:55:02+00:00
AXSM,"Axsome Therapeutics, Inc.",NGM,Healthcare,,8818311168.0,168.35,EQUITY,2026-10-10T01:55:02+00:00
SM,SM Energy Company,NYQ,Energy,,8800600064.0,37.0,EQUITY,2026-10-10T01:55:02+00:00
JXN,Jackson Financial Inc.,NYQ,Financial Services,,8785095680.0,129.71,EQUITY,2026-10-10T01:55:02+00:00
LLYVA,"Liberty Live Holdings, Inc. - S",NMS,Communication Services,,8770872320.0,95.33,EQUITY,2026-10-10T01:55:02+00:00
CYTK,"Cytokinetics, Incorporated",NMS,Healthcare,,8745963520.0,62.91,EQUITY,2026-10-10T01:55:02+00:00
MXL,"MaxLinear, Inc",NMS,Technology,,8721057792.0,96.16,EQUITY,2026-10-10T01:55:02+00:00
KT,KT Corporation,NYQ,Communication Services,,8664159232.0,18.3,EQUITY,2026-10-10T01:55:02+00:00
VOYA,"Voya Financial, Inc.",NYQ,Financial Services,,8576756224.0,94.67,EQUITY,2026-10-10T01:55:02+00:00
CUBE,CubeSmart,NYQ,Real Estate,,8608421888.0,37.97,EQUITY,2026-10-10T01:55:02+00:00
IDCC,"InterDigital, Inc.",NMS,Technology,,8549788672.0,331.31,EQUITY,2026-10-10T01:55:02+00:00
TIMB,TIM S.A.,NYQ,Communication Services,,8541453824.0,17.98,EQUITY,2026-10-10T01:55:02+00:00
PCOR,"Procore Technologies, Inc.",NYQ,Technology,,8541409792.0,56.21,EQUITY,2026-10-10T01:55:02+00:00
TTEK,"Tetra Tech, Inc.",NMS,Industrials,,8536521216.0,33.34,EQUITY,2026-10-10T01:55:02+00:00
AG,First Majestic Silver Corp.,NYQ,Basic Materials,,8520438272.0,17.28,EQUITY,2026-10-10T01:55:02+00:00
CTRE,"CareTrust REIT, Inc.",NYQ,Real Estate,,8513643520.0,36.03,EQUITY,2026-10-10T01:55:02+00:00
SPXC,"SPX Technologies, Inc.",NYQ,Industrials,,8487549952.0,169.46,EQUITY,2026-10-10T01:55:02+00:00
NTSK,"Netskope, Inc.",NMS,Technology,,8480238080.0,20.755,EQUITY,2026-10-10T01:55:02+00:00
PNR,Pentair plc.,NYQ,Industrials,,8479442432.0,52.47,EQUITY,2026-10-10T01:55:02+00:00
TGTX,"TG Therapeutics, Inc.",NCM,Healthcare,,8475433472.0,55.37,EQUITY,2026-10-10T01:55:02+00:00
PRI,"Primerica, Inc.",NYQ,Financial Services,,8472696832.0,275.29,EQUITY,2026-10-10T01:55:02+00:00
AAL,"American Airlines Group, Inc.",NMS,Industrials,,8446736384.0,12.76,EQUITY,2026-10-10T01:55:02+00:00
UGP,Ultrapar Participacoes S.A. (Ne,NYQ,Energy,,8418398208.0,7.9,EQUITY,2026-10-10T01:55:02+00:00
CAI,"Caris Life Sciences, Inc.",NMS,Healthcare,,8393077760.0,29.7,EQUITY,2026-10-10T01:55:02+00:00
BRX,Brixmor Property Group Inc.,NYQ,Real Estate,,8377614336.0,27.3,EQUITY,2026-10-10T01:55:02+00:00
VNOM,"Viper Energy, Inc.",NMS,Energy,,15441788928.0,42.99,EQUITY,2026-10-10T01:55:02+00:00
ZETA,Zeta Global Holdings Corp.,NYQ,Technology,,8306039808.0,33.09,EQUITY,2026-10-10T01:55:02+00:00
HNGE,"Hinge Health, Inc.",NYQ,Healthcare,,8303455744.0,102.9,EQUITY,2026-10-10T01:55:02+00:00
RHP,"Ryman Hospitality Properties, I",NYQ,Real Estate,,8297430016.0,120.28,EQUITY,2026-10-10T01:55:02+00:00
BVN,Buenaventura Mining Company Inc,NYQ,Basic Materials,,8244413440.0,32.46,EQUITY,2026-10-10T01:55:02+00:00
MP,MP Materials Corp.,NYQ,Basic Materials,,8217607168.0,46.14,EQUITY,2026-10-10T01:55:02+00:00
NEU,NewMarket Corp,NYQ,Basic Materials,,8215700992.0,893.36,EQUITY,2026-10-10T01:55:02+00:00
ADC,Agree Realty Corporation,NYQ,Real Estate,,8225866240.0,65.95,EQUITY,2026-10-10T01:55:02+00:00
REXR,"Rexford Industrial Realty, Inc.",NYQ,Real Estate,,8400064512.0,36.74,EQUITY,2026-10-10T01:55:02+00:00
AVT,"Avnet, Inc.",NMS,Technology,,8170656768.0,99.36,EQUITY,2026-10-10T01:55:02+00:00
PCTY,Paylocity Holding Corporation,NMS,Technology,,8168650752.0,153.96,EQUITY,2026-10-10T01:55:02+00:00
GAP,"Gap, Inc. (The)",NYQ,Consumer Cyclical,,8160005120.0,23.23,EQUITY,2026-10-10T01:55:02+00:00
DY,"Dycom Industries, Inc.",NYQ,Industrials,,8120234496.0,269.23,EQUITY,2026-10-10T01:55:02+00:00
EAT,"Brinker International, Inc.",NYQ,Consumer Cyclical,,8119519744.0,193.87,EQUITY,2026-10-10T01:55:02+00:00
WAL,Western Alliance Bancorporation,NYQ,Financial Services,,8102920704.0,74.27,EQUITY,2026-10-10T01:55:02+00:00
RAL,Ralliant Corporation,NYQ,Technology,,8098848256.0,73.2,EQUITY,2026-10-10T01:55:02+00:00
TKR,Timken Company (The),NYQ,Industrials,,8069703168.0,116.12,EQUITY,2026-10-10T01:55:02+00:00
ALV,"Autoliv, Inc.",NYQ,Consumer Cyclical,,8038516736.0,109.76,EQUITY,2026-10-10T01:55:02+00:00
COLB,"Columbia Banking System, Inc.",NMS,Financial Services,,8023518208.0,28.37,EQUITY,2026-10-10T01:55:02+00:00
MHK,"Mohawk Industries, Inc.",NYQ,Consumer Cyclical,,7997842432.0,118.07,EQUITY,2026-10-10T01:55:02+00:00
UGI,UGI Corporation,NYQ,Utilities,,7962052608.0,37.12,EQUITY,2026-10-10T01:55:02+00:00
WLK,Westlake Corporation,NYQ,Basic Materials,,7960446976.0,62.29,EQUITY,2026-10-10T01:55:02+00:00
PB,"Prosperity Bancshares, Inc.",NYQ,Financial Services,,7944886272.0,66.11,EQUITY,2026-10-10T01:55:02+00:00
KTOS,Kratos Defense & Security Solut,NMS,Industrials,,7943346688.0,42.36,EQUITY,2026-10-10T01:55:02+00:00
SYRE,"Spyre Therapeutics, Inc.",NMS,Healthcare,,7908450816.0,85.69,EQUITY,2026-10-10T01:55:02+00:00
FR,"First Industrial Realty Trust, ",NYQ,Real Estate,,8142887424.0,59.43,EQUITY,2026-10-10T01:55:02+00:00
LINE,"Lineage, Inc.",NMS,Real Estate,,8564105216.0,34.43,EQUITY,2026-10-10T01:55:02+00:00
IDA,"IDACORP, Inc.",NYQ,Utilities,,7832969728.0,135.42,EQUITY,2026-10-10T01:55:02+00:00
ARE,Alexandria Real Estate Equities,NYQ,Real Estate,,7832055808.0,45.51,EQUITY,2026-10-10T01:55:02+00:00
OSK,Oshkosh Corporation (Holding Co,NYQ,Industrials,,7808254464.0,125.23,EQUITY,2026-10-10T01:55:02+00:00
CBSH,"Commerce Bancshares, Inc.",NMS,Financial Services,,7801275904.0,54.39,EQUITY,2026-10-10T01:55:02+00:00
GIL,"Gildan Activewear, Inc.",NYQ,Consumer Cyclical,,7772501504.0,41.97,EQUITY,2026-10-10T01:55:02+00:00
CBC,"Central Bancompany, Inc.",NMS,Financial Services,,7764755968.0,32.42,EQUITY,2026-10-10T01:55:02+00:00
CHRD,Chord Energy Corporation,NMS,Energy,,7741936640.0,141.54,EQUITY,2026-10-10T01:55:02+00:00
WYNN,"Wynn Resorts, Limited",NMS,Consumer Cyclical,,7738487808.0,75.15,EQUITY,2026-10-10T01:55:02+00:00
ZWS,Zurn Elkay Water Solutions Corp,NYQ,Industrials,,7724291072.0,46.57,EQUITY,2026-10-10T01:55:02+00:00
NNN,"NNN REIT, Inc.",NYQ,Real Estate,,7723319296.0,40.24,EQUITY,2026-10-10T01:55:02+00:00
LNC,Lincoln National Corporation,NYQ,Financial Services,,7701925888.0,40.23,EQUITY,2026-10-10T01:55:02+00:00
ABVX,Abivax SA,NGM,Healthcare,,7692985344.0,88.15,EQUITY,2026-10-10T01:55:02+00:00
KNSL,"Kinsale Capital Group, Inc.",NYQ,Financial Services,,7675873792.0,336.98,EQUITY,2026-10-10T01:55:02+00:00
MORN,"Morningstar, Inc.",NMS,Financial Services,,7669649920.0,204.45,EQUITY,2026-10-10T01:55:02+00:00
AOS,A.O. Smith Corporation,NYQ,Industrials,,7662525440.0,56.38,EQUITY,2026-10-10T01:55:02+00:00
HQY,"HealthEquity, Inc.",NMS,Healthcare,,7660263424.0,92.61,EQUITY,2026-10-10T01:55:02+00:00
ATR,"AptarGroup, Inc.",NYQ,Healthcare,,7653896192.0,120.38,EQUITY,2026-10-10T01:55:02+00:00
AUGO,Aura Minerals Inc.,NMS,Basic Materials,,7650950144.0,91.26,EQUITY,2026-10-10T01:55:02+00:00
CAE,CAE Inc,NMS,Industrials,,7640697344.0,23.74,EQUITY,2026-10-10T01:55:02+00:00
THG,Hanover Insurance Group Inc,NYQ,Financial Services,,7637118976.0,219.33,EQUITY,2026-10-10T01:55:02+00:00
ACM,AECOM,NYQ,Industrials,,7629124096.0,59.28,EQUITY,2026-10-10T01:55:02+00:00
BOKF,BOK Financial Corporation,NMS,Financial Services,,7623556096.0,125.47,EQUITY,2026-10-10T01:55:02+00:00
CHWY,"Chewy, Inc.",NYQ,Consumer Cyclical,,7616521728.0,18.95,EQUITY,2026-10-10T01:55:02+00:00
TPG,TPG Inc.,NMS,Financial Services,,17677078528.0,45.26,EQUITY,2026-10-10T01:55:02+00:00
IONS,"Ionis Pharmaceuticals, Inc.",NMS,Healthcare,,7524825600.0,45.28,EQUITY,2026-10-10T01:55:02+00:00
STN,Stantec Inc,NYQ,Industrials,,7515044352.0,66.86,EQUITY,2026-10-10T01:55:02+00:00
NFG,National Fuel Gas Company,NYQ,Energy,,7476247552.0,78.66,EQUITY,2026-10-10T01:55:02+00:00
DBX,"Dropbox, Inc.",NMS,Technology,,7471328768.0,34.36,EQUITY,2026-10-10T01:55:02+00:00
KMX,CarMax Inc,NYQ,Consumer Cyclical,,7467610624.0,52.61,EQUITY,2026-10-10T01:55:02+00:00
CNM,"Core & Main, Inc.",NYQ,Industrials,,7442295296.0,40.35,EQUITY,2026-10-10T01:55:02+00:00
SLAB,"Silicon Laboratories, Inc.",NMS,Technology,,7408755200.0,222.04,EQUITY,2026-10-10T01:55:02+00:00
CLF,Cleveland-Cliffs Inc.,NYQ,Basic Materials,,7405609472.0,12.98,EQUITY,2026-10-10T01:55:02+00:00
SNEX,StoneX Group Inc.,NMS,Financial Services,,7385966080.0,61.235,EQUITY,2026-10-10T01:55:02+00:00
SSRM,SSR Mining Inc.,NMS,Basic Materials,,7368007680.0,35.51,EQUITY,2026-10-10T01:55:02+00:00
MGM,MGM Resorts International,NYQ,Consumer Cyclical,,7364120064.0,29.27,EQUITY,2026-10-10T01:55:02+00:00
VIST,Vista Energy S.A.B. de C.V.,NYQ,Energy,,7329509888.0,66.26,EQUITY,2026-10-10T01:55:02+00:00
SFD,"Smithfield Foods, Inc.",NMS,Consumer Defensive,,7328011776.0,18.61,EQUITY,2026-10-10T01:55:02+00:00
CEF,"""Sprott Physical Gold and Silve",ASE,Financial Services,,7307507712.0,41.67,EQUITY,2026-10-10T01:55:02+00:00
PRAX,"Praxis Precision Medicines, Inc",NMS,Healthcare,,7255287808.0,259.86,EQUITY,2026-10-10T01:55:02+00:00
SBSW,D/B/A Sibanye-Stillwater Limite,NYQ,Basic Materials,,7233702912.0,10.0,EQUITY,2026-10-10T01:55:02+00:00
AGCO,AGCO Corporation,NYQ,Industrials,,7232876544.0,103.28,EQUITY,2026-10-10T01:55:02+00:00
MSM,"MSC Industrial Direct Company, ",NYQ,Industrials,,7232653312.0,129.51,EQUITY,2026-10-10T01:55:02+00:00
CELH,"Celsius Holdings, Inc.",NCM,Consumer Defensive,,7231741440.0,28.58,EQUITY,2026-10-10T01:55:02+00:00
ACA,"Arcosa, Inc.",NYQ,Industrials,,7227539456.0,147.18,EQUITY,2026-10-10T01:55:02+00:00
HIMS,"Hims & Hers Health, Inc.",NYQ,Healthcare,,7214050816.0,30.92,EQUITY,2026-10-10T01:55:02+00:00
COMP,"Compass, Inc.",NYQ,Real Estate,,7208183296.0,9.39,EQUITY,2026-10-10T01:55:02+00:00
KEX,Kirby Corporation,NYQ,Industrials,,7193999872.0,136.25,EQUITY,2026-10-10T01:55:02+00:00
LEVI,Levi Strauss & Co,NYQ,Consumer Cyclical,,7170884096.0,18.7,EQUITY,2026-10-10T01:55:02+00:00
EMN,Eastman Chemical Company,NYQ,Basic Materials,,7167135744.0,62.69,EQUITY,2026-10-10T01:55:02+00:00
APPF,"AppFolio, Inc.",NGM,Technology,,7161315840.0,202.2,EQUITY,2026-10-10T01:55:02+00:00
APLD,Applied Digital Corporation,NMS,Technology,,7160527360.0,23.68,EQUITY,2026-10-10T01:55:02+00:00
VFS,VinFast Auto Ltd.,NMS,Consumer Cyclical,,7158980608.0,3.06,EQUITY,2026-10-10T01:55:02+00:00
NCLH,Norwegian Cruise Line Holdings ,NYQ,Consumer Cyclical,,7149554688.0,15.57,EQUITY,2026-10-10T01:55:02+00:00
TAL,TAL Education Group,NYQ,Consumer Defensive,,7133457920.0,12.86,EQUITY,2026-10-10T01:55:02+00:00
CAMT,Camtek Ltd.,NGM,Technology,,7131363840.0,152.81,EQUITY,2026-10-10T01:55:02+00:00
AXS,Axis Capital Holdings Limited,NYQ,Financial Services,,7131248640.0,96.73,EQUITY,2026-10-10T01:55:02+00:00
QLYS,"Qualys, Inc.",NMS,Technology,,7128626688.0,202.42,EQUITY,2026-10-10T01:55:02+00:00
AAON,"AAON, Inc.",NMS,Industrials,,7104205824.0,86.16,EQUITY,2026-10-10T01:55:02+00:00
DSGX,The Descartes Systems Group Inc,NMS,Technology,,7085131264.0,82.82,EQUITY,2026-10-10T01:55:02+00:00
CMC,Commercial Metals Company,NYQ,Industrials,,7067788800.0,63.89,EQUITY,2026-10-10T01:55:02+00:00
TRNO,Terreno Realty Corporation,NYQ,Real Estate,,7060186624.0,64.79,EQUITY,2026-10-10T01:55:02+00:00
ETSY,"Etsy, Inc.",NYQ,Consumer Cyclical,,7040577536.0,76.71,EQUITY,2026-10-10T01:55:02+00:00
URBN,"Urban Outfitters, Inc.",NMS,Consumer Cyclical,,7039554048.0,82.18,EQUITY,2026-10-10T01:55:02+00:00
PATH,"UiPath, Inc.",NYQ,Technology,,7025175040.0,13.48,EQUITY,2026-10-10T01:55:02+00:00
DUOL,"Duolingo, Inc.",NMS,Technology,,7014197248.0,149.92,EQUITY,2026-10-10T01:55:02+00:00
SSD,"Simpson Manufacturing Company, ",NYQ,Basic Materials,,7013298176.0,171.12,EQUITY,2026-10-10T01:55:02+00:00
TTAN,"ServiceTitan, Inc.",NMS,Technology,,7002604544.0,72.59,EQUITY,2026-10-10T01:55:02+00:00
PLXS,Plexus Corp.,NMS,Technology,,6997242368.0,262.54,EQUITY,2026-10-10T01:55:02+00:00
POWL,"Powell Industries, Inc.",NMS,Industrials,,6992326144.0,191.93,EQUITY,2026-10-10T01:55:02+00:00
AXTA,Axalta Coating Systems Ltd.,NYQ,Basic Materials,,6983472640.0,32.63,EQUITY,2026-10-10T01:55:02+00:00
PRMB,Primo Brands Corporation,NYQ,Consumer Defensive,,6974655488.0,19.27,EQUITY,2026-10-10T01:55:02+00:00
VLY,Valley National Bancorp,NMS,Financial Services,,6973878272.0,12.62,EQUITY,2026-10-10T01:55:02+00:00
MSA,MSA Safety Incorporated,NYQ,Industrials,,6971482624.0,180.71,EQUITY,2026-10-10T01:55:02+00:00
AVAV,"AeroVironment, Inc.",NMS,Industrials,,6968026624.0,137.11,EQUITY,2026-10-10T01:55:02+00:00
ASR,Grupo Aeroportuario del Sureste,NYQ,Industrials,,6959931904.0,231.75,EQUITY,2026-10-10T01:55:02+00:00
STAG,"Stag Industrial, Inc.",NYQ,Real Estate,,7086862336.0,36.01,EQUITY,2026-10-10T01:55:02+00:00
TAP,Molson Coors Beverage Company,NYQ,Consumer Defensive,,6936086528.0,37.2,EQUITY,2026-10-10T01:55:02+00:00
BTG,B2Gold Corp,ASE,Basic Materials,,6935621120.0,5.25,EQUITY,2026-10-10T01:55:02+00:00
AMRX,"Amneal Pharmaceuticals, Inc.",NMS,Healthcare,,6934574080.0,19.91,EQUITY,2026-10-10T01:55:02+00:00
FSS,Federal Signal Corporation,NYQ,Industrials,,6932495872.0,113.57,EQUITY,2026-10-10T01:55:02+00:00
SOBO,South Bow Corporation,NYQ,Energy,,6929297920.0,33.22,EQUITY,2026-10-10T01:55:02+00:00
VCTR,"Victory Capital Holdings, Inc. ",NMS,Financial Services,,6916136448.0,112.44,EQUITY,2026-10-10T01:55:02+00:00
BZ,KANZHUN LIMITED - American Depo,NMS,Communication Services,,6881964544.0,15.73,EQUITY,2026-10-10T01:55:02+00:00
WULF,TeraWulf Inc.,NCM,Financial Services,,6870798848.0,13.77,EQUITY,2026-10-10T01:55:02+00:00
NICE,NICE Ltd,NMS,Technology,,6866466304.0,117.49,EQUITY,2026-10-10T01:55:02+00:00
CIG,Comp En De Mn Cemig,NYQ,Utilities,,6865636864.0,2.4,EQUITY,2026-10-10T01:55:02+00:00
PACS,"PACS Group, Inc.",NYQ,Healthcare,,6853194240.0,43.3,EQUITY,2026-10-10T01:55:02+00:00
PDI,PIMCO Dynamic Income Fund,NYQ,Financial Services,,6844212736.0,14.36,EQUITY,2026-10-10T01:55:02+00:00
AWI,Armstrong World Industries Inc,NYQ,Industrials,,6841082880.0,161.87,EQUITY,2026-10-10T01:55:02+00:00
PPC,Pilgrim's Pride Corporation,NMS,Consumer Defensive,,6821809152.0,28.65,EQUITY,2026-10-10T01:55:02+00:00
ALKS,Alkermes plc,NMS,Healthcare,,6812866048.0,40.61,EQUITY,2026-10-10T01:55:02+00:00
GLBE,Global-E Online Ltd.,NMS,Consumer Cyclical,,6784202752.0,40.39,EQUITY,2026-10-10T01:55:02+00:00
FLR,Fluor Corporation,NYQ,Industrials,,6777997312.0,50.68,EQUITY,2026-10-10T01:55:02+00:00
NE,Noble Corporation plc A,NYQ,Energy,,6762444800.0,42.36,EQUITY,2026-10-10T01:55:02+00:00
NOV,NOV Inc.,NYQ,Energy,,6762389504.0,18.97,EQUITY,2026-10-10T01:55:02+00:00
GTES,Gates Industrial Corporation Lt,NYQ,Industrials,,6751541760.0,26.67,EQUITY,2026-10-10T01:55:02+00:00
MATX,"Matson, Inc.",NYQ,Industrials,,6748313088.0,225.67,EQUITY,2026-10-10T01:55:02+00:00
MTDR,Matador Resources Company,NYQ,Energy,,6717378560.0,54.28,EQUITY,2026-10-10T01:55:02+00:00
ZG,"Zillow Group, Inc.",NMS,Communication Services,,6717015040.0,29.87,EQUITY,2026-10-10T01:55:02+00:00
TBBB,BBB Foods Inc.,NYQ,Consumer Defensive,,6702084608.0,55.59,EQUITY,2026-10-10T01:55:02+00:00
RUSHB,"Rush Enterprises, Inc.",NMS,Consumer Cyclical,,6693322240.0,57.34,EQUITY,2026-10-10T01:55:02+00:00
ESE,ESCO Technologies Inc.,NYQ,Technology,,6679748096.0,257.83,EQUITY,2026-10-10T01:55:02+00:00
SARO,"StandardAero, Inc.",NYQ,Industrials,,6674644992.0,20.17,EQUITY,2026-10-10T01:55:02+00:00
ALGM,"Allegro MicroSystems, Inc.",NMS,Technology,,6630320640.0,35.57,EQUITY,2026-10-10T01:55:02+00:00
IOVA,"Iovance Biotherapeutics, Inc.",NGM,Healthcare,,6622441984.0,14.62,EQUITY,2026-10-10T01:55:02+00:00
RNG,"Ringcentral, Inc.",NYQ,Technology,,6619532800.0,79.27,EQUITY,2026-10-10T01:55:02+00:00
VSXY,Victorias Secret & Co.,NYQ,Consumer Cyclical,,6610046464.0,82.87,EQUITY,2026-10-10T01:55:02+00:00
JAN,"Janus Living, Inc.",NYQ,Real Estate,,8745719808.0,28.15,EQUITY,2026-10-10T01:55:02+00:00
LW,"Lamb Weston Holdings, Inc.",NYQ,Consumer Defensive,,6595549696.0,47.87,EQUITY,2026-10-10T01:55:02+00:00
NPO,Enpro Inc.,NYQ,Industrials,,6592674304.0,311.45,EQUITY,2026-10-10T01:55:02+00:00
LNTH,"Lantheus Holdings, Inc.",NGM,Healthcare,,6539782656.0,100.15,EQUITY,2026-10-10T01:55:02+00:00
CHE,Chemed Corp,NYQ,Healthcare,,6532627968.0,499.82,EQUITY,2026-10-10T01:55:02+00:00
OR,OR Royalties Inc.,NYQ,Basic Materials,,6525659136.0,34.84,EQUITY,2026-10-10T01:55:02+00:00
Z,"Zillow Group, Inc.",NMS,Communication Services,,6523622400.0,29.01,EQUITY,2026-10-10T01:55:02+00:00
CVLT,"Commvault Systems, Inc.",NMS,Technology,,6517157888.0,157.25,EQUITY,2026-10-10T01:55:02+00:00
OWL,Blue Owl Capital Inc.,NYQ,Financial Services,,14872314880.0,9.49,EQUITY,2026-10-10T01:55:02+00:00
MGY,Magnolia Oil & Gas Corporation,NYQ,Energy,,6620151296.0,24.1,EQUITY,2026-10-10T01:55:02+00:00
ENS,EnerSys,NYQ,Industrials,,6484888064.0,179.81,EQUITY,2026-10-10T01:55:02+00:00
ICL,ICL Group Ltd.,NYQ,Basic Materials,,6479406080.0,5.02,EQUITY,2026-10-10T01:55:02+00:00
OKLO,Oklo Inc.,NYQ,Utilities,,6454812672.0,34.7,EQUITY,2026-10-10T01:55:02+00:00
TXNM,"TXNM Energy, Inc.",NYQ,Utilities,,6454470656.0,58.61,EQUITY,2026-10-10T01:55:02+00:00
OMF,"OneMain Holdings, Inc.",NYQ,Financial Services,,6450375168.0,56.07,EQUITY,2026-10-10T01:55:02+00:00
ELF,"e.l.f. Beauty, Inc.",NYQ,Consumer Defensive,,6445443584.0,109.23,EQUITY,2026-10-10T01:55:02+00:00
CAG,"ConAgra Brands, Inc.",NYQ,Consumer Defensive,,6440281088.0,13.49,EQUITY,2026-10-10T01:55:02+00:00
TFPM,Triple Flag Precious Metals Cor,NYQ,Basic Materials,,6429353984.0,31.21,EQUITY,2026-10-10T01:55:02+00:00
HXL,Hexcel Corporation,NYQ,Industrials,,6424968704.0,84.96,EQUITY,2026-10-10T01:55:02+00:00
FIGR,"Figure Technology Solutions, In",NMS,Financial Services,,6403744768.0,28.54,EQUITY,2026-10-10T01:55:02+00:00
BILI,Bilibili Inc.,NMS,Communication Services,,6380798976.0,15.49,EQUITY,2026-10-10T01:55:02+00:00
LAD,"Lithia Motors, Inc.",NYQ,Consumer Cyclical,,6380379136.0,290.24,EQUITY,2026-10-10T01:55:02+00:00
INGM,Ingram Micro Holding Corporatio,NYQ,Technology,,6376622592.0,27.72,EQUITY,2026-10-10T01:55:02+00:00
RIOT,"Riot Platforms, Inc.",NCM,Financial Services,,6336247296.0,16.885,EQUITY,2026-10-10T01:55:02+00:00
VNO,Vornado Realty Trust,NYQ,Real Estate,,6887155712.0,33.63,EQUITY,2026-10-10T01:55:02+00:00
ACT,"Enact Holdings, Inc.",NMS,Financial Services,,6320124416.0,45.97,EQUITY,2026-10-10T01:55:02+00:00
MAC,Macerich Company (The),NYQ,Real Estate,,6564425728.0,22.25,EQUITY,2026-10-10T01:55:02+00:00
IMVT,"Immunovant, Inc.",NMS,Healthcare,,6293660160.0,30.47,EQUITY,2026-10-10T01:55:02+00:00
GRAL,"GRAIL, Inc.",NMS,Healthcare,,6279178752.0,140.58,EQUITY,2026-10-10T01:55:02+00:00
KOD,Kodiak Sciences Inc,NGM,Healthcare,,6276775424.0,99.87,EQUITY,2026-10-10T01:55:02+00:00
CAVA,"CAVA Group, Inc.",NYQ,Consumer Cyclical,,6265484288.0,53.64,EQUITY,2026-10-10T01:55:02+00:00
ECG,"Everus Construction Group, Inc.",NYQ,Industrials,,6252256256.0,122.44,EQUITY,2026-10-10T01:55:02+00:00
PL,Planet Labs PBC,NYQ,Industrials,,6250908672.0,17.18,EQUITY,2026-10-10T01:55:02+00:00
FAF,First American Corporation (New,NYQ,Financial Services,,6248520192.0,61.2,EQUITY,2026-10-10T01:55:02+00:00
GGAL,Grupo Financiero Galicia S.A.,NCM,Financial Services,,6237581312.0,36.81,EQUITY,2026-10-10T01:55:02+00:00
RYTM,"Rhythm Pharmaceuticals, Inc.",NGM,Healthcare,,6226924544.0,90.78,EQUITY,2026-10-10T01:55:02+00:00
BLTE,"Belite Bio, Inc",NCM,Healthcare,,6221643776.0,154.49,EQUITY,2026-10-10T01:55:02+00:00
GDS,GDS Holdings Limited,NGM,Technology,,6205694464.0,30.97,EQUITY,2026-10-10T01:55:02+00:00
ENIC,Enel Chile S.A.,NYQ,Utilities,,6197323776.0,4.48,EQUITY,2026-10-10T01:55:02+00:00
CWEN,"Clearway Energy, Inc.",NYQ,Utilities,,7445940736.0,30.19,EQUITY,2026-10-10T01:55:02+00:00
UBSI,"United Bankshares, Inc.",NMS,Financial Services,,6192223744.0,45.46,EQUITY,2026-10-10T01:55:02+00:00
BLCO,Bausch + Lomb Corporation,NYQ,Healthcare,,6178958336.0,17.3,EQUITY,2026-10-10T01:55:02+00:00
NAVN,"Navan, Inc.",NMS,Technology,,6156104192.0,23.64,EQUITY,2026-10-10T01:55:02+00:00
ST,Sensata Technologies Holding pl,NYQ,Technology,,6154711552.0,42.29,EQUITY,2026-10-10T01:55:02+00:00
RIG,Transocean Ltd (Switzerland),NYQ,Energy,,6154009600.0,5.51,EQUITY,2026-10-10T01:55:02+00:00
DOX,Amdocs Limited,NMS,Technology,,6143778816.0,58.84,EQUITY,2026-10-10T01:55:02+00:00
LYFT,"Lyft, Inc.",NMS,Technology,,6139922944.0,16.22,EQUITY,2026-10-10T01:55:02+00:00
OGC,OceanaGold Corporation,NYQ,Basic Materials,,6139551744.0,27.6,EQUITY,2026-10-10T01:55:02+00:00
KNSA,Kiniksa Pharmaceuticals Interna,NMS,Healthcare,,6138115072.0,79.78,EQUITY,2026-10-10T01:55:02+00:00
XMTR,"Xometry, Inc.",NMS,Industrials,,6136157184.0,111.07,EQUITY,2026-10-10T01:55:02+00:00
VIPS,Vipshop Holdings Limited,NYQ,Consumer Cyclical,,6133949952.0,12.9,EQUITY,2026-10-10T01:55:02+00:00
SWX,"Southwest Gas Holdings, Inc.",NYQ,Utilities,,6095594496.0,84.14,EQUITY,2026-10-10T01:55:02+00:00
SFM,"Sprouts Farmers Market, Inc.",NMS,Consumer Defensive,,6074150400.0,65.14,EQUITY,2026-10-10T01:55:02+00:00
ANF,Abercrombie & Fitch Company,NYQ,Consumer Cyclical,,6050293248.0,142.58,EQUITY,2026-10-10T01:55:02+00:00
MBLY,Mobileye Global Inc.,NMS,Consumer Cyclical,,6036331520.0,7.1,EQUITY,2026-10-10T01:55:02+00:00
FNB,F.N.B. Corporation,NYQ,Financial Services,,6022196224.0,17.06,EQUITY,2026-10-10T01:55:02+00:00
LGND,Ligand Pharmaceuticals Incorpor,NGM,Healthcare,,6016765952.0,301.81,EQUITY,2026-10-10T01:55:02+00:00
CZR,"Caesars Entertainment, Inc.",NMS,Consumer Cyclical,,6011513856.0,29.5,EQUITY,2026-10-10T01:55:02+00:00
INGR,Ingredion Incorporated,NYQ,Consumer Defensive,,5996753408.0,95.09,EQUITY,2026-10-10T01:55:02+00:00
CMBT,CMB.TECH NV,NYQ,Energy,,5977497088.0,20.6,EQUITY,2026-10-10T01:55:02+00:00
ACI,"Albertsons Companies, Inc.",NYQ,Consumer Defensive,,5970398720.0,12.19,EQUITY,2026-10-10T01:55:02+00:00
MOS,Mosaic Company (The),NYQ,Basic Materials,,5957364224.0,18.74,EQUITY,2026-10-10T01:55:02+00:00
IFS,Intercorp Financial Services In,NYQ,Financial Services,,5943812608.0,53.84,EQUITY,2026-10-10T01:55:02+00:00
HR,Healthcare Realty Trust Incorpo,NYQ,Real Estate,,6015396864.0,17.15,EQUITY,2026-10-10T01:55:02+00:00
INSW,"International Seaways, Inc.",NYQ,Energy,,5934841856.0,119.82,EQUITY,2026-10-10T01:55:02+00:00
M,Macy's Inc,NYQ,Consumer Cyclical,,5920874496.0,22.67,EQUITY,2026-10-10T01:55:02+00:00
VFC,V.F. Corporation,NYQ,Consumer Cyclical,,5897018368.0,15.0,EQUITY,2026-10-10T01:55:02+00:00
WEX,WEX Inc.,NYQ,Technology,,5876691968.0,172.43,EQUITY,2026-10-10T01:55:02+00:00
PEGA,Pegasystems Inc.,NMS,Technology,,5861036544.0,35.65,EQUITY,2026-10-10T01:55:02+00:00
MTRN,Materion Corporation,NYQ,Basic Materials,,5842818048.0,280.45,EQUITY,2026-10-10T01:55:02+00:00
EPAM,"EPAM Systems, Inc.",NYQ,Technology,,5841709568.0,113.24,EQUITY,2026-10-10T01:55:02+00:00
CVI,CVR Energy Inc.,NYQ,Energy,,5832785408.0,58.02,EQUITY,2026-10-10T01:55:02+00:00
LEA,Lear Corporation,NYQ,Consumer Cyclical,,5821801984.0,118.03,EQUITY,2026-10-10T01:55:02+00:00
GATX,GATX Corporation,NYQ,Industrials,,5817567232.0,164.78,EQUITY,2026-10-10T01:55:02+00:00
LOAR,Loar Holdings Inc.,NYQ,Industrials,,5815243264.0,62.07,EQUITY,2026-10-10T01:55:02+00:00
VAL,Valaris Limited,NYQ,Energy,,5808305664.0,83.65,EQUITY,2026-10-10T01:55:02+00:00
HWC,Hancock Whitney Corporation,NMS,Financial Services,,5808149504.0,72.4,EQUITY,2026-10-10T01:55:02+00:00
AVAL,Grupo Aval Acciones y Valores S,NYQ,Financial Services,,5805279744.0,4.89,EQUITY,2026-10-10T01:55:02+00:00
BKH,Black Hills Corporation,NYQ,Utilities,,5801339392.0,76.08,EQUITY,2026-10-10T01:55:02+00:00
POOL,Pool Corporation,NMS,Industrials,,5797802496.0,159.54,EQUITY,2026-10-10T01:55:02+00:00
PI,"Impinj, Inc.",NMS,Technology,,5794033152.0,189.63,EQUITY,2026-10-10T01:55:02+00:00
MKTX,"MarketAxess Holdings, Inc.",NMS,Financial Services,,5792754688.0,164.58,EQUITY,2026-10-10T01:55:02+00:00
NXE,Nexgen Energy Ltd.,NYQ,Energy,,5791707648.0,8.75,EQUITY,2026-10-10T01:55:02+00:00
TEX,Terex Corporation,NYQ,Industrials,,5791580672.0,50.67,EQUITY,2026-10-10T01:55:02+00:00
LUMN,"Lumen Technologies, Inc. Common Stock",NYQ,Communication Services,,5790347776.0,5.62,EQUITY,2026-10-10T01:55:02+00:00
DPC,DPC Holdings PLC,NYQ,Industrials,,5785991680.0,38.73,EQUITY,2026-10-10T01:55:02+00:00
VRNS,"Varonis Systems, Inc.",NMS,Technology,,5756807680.0,50.12,EQUITY,2026-10-10T01:55:02+00:00
G,Genpact Limited,NYQ,Technology,,5752609280.0,34.4,EQUITY,2026-10-10T01:55:02+00:00
LSTR,"Landstar System, Inc.",NMS,Industrials,,5739073024.0,169.11,EQUITY,2026-10-10T01:55:02+00:00
HAFN,Hafnia Limited,NYQ,Industrials,,5738750464.0,10.72,EQUITY,2026-10-10T01:55:02+00:00
OTEX,Open Text Corporation,NMS,Technology,,5737192960.0,23.695,EQUITY,2026-10-10T01:55:02+00:00
SGHC,Super Group (SGHC) Limited,NYQ,Consumer Cyclical,,5736186880.0,11.29,EQUITY,2026-10-10T01:55:02+00:00
CPB,The Campbell's Company,NMS,Consumer Defensive,,5729088000.0,19.21,EQUITY,2026-10-10T01:55:02+00:00
CACC,Credit Acceptance Corporation,NMS,Financial Services,,5727934464.0,547.6,EQUITY,2026-10-10T01:55:02+00:00
TTD,"The Trade Desk, Inc.",NGM,Communication Services,,5711364608.0,12.08,EQUITY,2026-10-10T01:55:02+00:00
MCY,Mercury General Corporation,NYQ,Financial Services,,5691181568.0,102.75,EQUITY,2026-10-10T01:55:02+00:00
BLDR,"Builders FirstSource, Inc.",NYQ,Industrials,,5686472704.0,52.85,EQUITY,2026-10-10T01:55:02+00:00
FSV,FirstService Corporation,NMS,Real Estate,,5665278976.0,129.73,EQUITY,2026-10-10T01:55:02+00:00
CGON,"CG Oncology, Inc.",NMS,Healthcare,,5657028608.0,63.82,EQUITY,2026-10-10T01:55:02+00:00
HOMB,"Home BancShares, Inc.",NYQ,Financial Services,,5651402240.0,28.25,EQUITY,2026-10-10T01:55:02+00:00
RYN,Rayonier Inc. REIT,NYQ,Real Estate,,5679756288.0,18.98,EQUITY,2026-10-10T01:55:02+00:00
SAIC,Science Applications Internatio,NMS,Technology,,5641935872.0,134.66,EQUITY,2026-10-10T01:55:02+00:00
MTG,MGIC Investment Corporation,NYQ,Financial Services,,5626574336.0,27.43,EQUITY,2026-10-10T01:55:02+00:00
JMKE,Jersey Mike's Subs Inc.,NYQ,Consumer Cyclical,,5622209024.0,17.7,EQUITY,2026-10-10T01:55:02+00:00
EXLS,"ExlService Holdings, Inc.",NMS,Technology,,5620883968.0,36.79,EQUITY,2026-10-10T01:55:02+00:00
ESNT,Essent Group Ltd.,NYQ,Financial Services,,5616382464.0,62.49,EQUITY,2026-10-10T01:55:02+00:00
CIFR,Cipher Digital Inc.,NMS,Technology,,5611215360.0,13.52,EQUITY,2026-10-10T01:55:02+00:00
ERAS,"Erasca, Inc.",NMS,Healthcare,,5606685696.0,16.03,EQUITY,2026-10-10T01:55:02+00:00
MIRM,"Mirum Pharmaceuticals, Inc.",NGM,Healthcare,,5584819200.0,86.01,EQUITY,2026-10-10T01:55:02+00:00
RDNT,"RadNet, Inc.",NGM,Healthcare,,5580458496.0,70.91,EQUITY,2026-10-10T01:55:02+00:00
CHDN,"Churchill Downs, Incorporated",NMS,Consumer Cyclical,,5573231104.0,79.96,EQUITY,2026-10-10T01:55:02+00:00
WFRD,Weatherford International plc,NMS,Energy,,5572222976.0,77.92,EQUITY,2026-10-10T01:55:02+00:00
XE,"X-Energy, Inc.",NMS,Industrials,,5571279360.0,13.71,EQUITY,2026-10-10T01:55:02+00:00
GBCI,"Glacier Bancorp, Inc.",NYQ,Financial Services,,5563533824.0,42.73,EQUITY,2026-10-10T01:55:02+00:00
BXSL,Blackstone Secured Lending Fund,NYQ,Financial Services,,5558665728.0,23.86,EQUITY,2026-10-10T01:55:02+00:00
BIRK,Birkenstock Holding plc,NYQ,Consumer Cyclical,,5556496896.0,33.65,EQUITY,2026-10-10T01:55:02+00:00
JBTM,JBT Marel Corporation,NYQ,Industrials,,5554969600.0,107.08,EQUITY,2026-10-10T01:55:02+00:00
SXT,Sensient Technologies Corporati,NYQ,Basic Materials,,5549714944.0,130.37,EQUITY,2026-10-10T01:55:02+00:00
MUR,Murphy Oil Corporation,NYQ,Energy,,5545981952.0,38.68,EQUITY,2026-10-10T01:55:02+00:00
MMED,"MiniMed Group, Inc.",NMS,Healthcare,,5545406464.0,19.71,EQUITY,2026-10-10T01:55:02+00:00
SYM,Symbotic Inc.,NGM,Industrials,,25806702592.0,42.63,EQUITY,2026-10-10T01:55:02+00:00
QBTS,D-Wave Quantum Inc.,NMS,Technology,,5531159552.0,14.57,EQUITY,2026-10-10T01:55:02+00:00
LKQ,LKQ Corporation,NMS,Consumer Cyclical,,5525565440.0,21.84,EQUITY,2026-10-10T01:55:02+00:00
SNDR,"Schneider National, Inc.",NYQ,Industrials,,5521978368.0,31.5,EQUITY,2026-10-10T01:55:02+00:00
CROX,"Crocs, Inc.",NMS,Consumer Cyclical,,5512724992.0,114.98,EQUITY,2026-10-10T01:55:02+00:00
OCTV,Octave Intelligence plc,NMS,Technology,,5508343808.0,20.52,EQUITY,2026-10-10T01:55:02+00:00
AGX,"Argan, Inc.",NYQ,Industrials,,5508256256.0,392.61,EQUITY,2026-10-10T01:55:02+00:00
DLB,Dolby Laboratories,NYQ,Industrials,,5502105088.0,58.74,EQUITY,2026-10-10T01:55:02+00:00
BEPC,Brookfield Renewable Corporatio,NYQ,Utilities,,5500599808.0,29.63,EQUITY,2026-10-10T01:55:02+00:00
FTDR,"frontdoor, inc.",NMS,Consumer Cyclical,,5497686528.0,79.8,EQUITY,2026-10-10T01:55:02+00:00
WH,"Wyndham Hotels & Resorts, Inc.",NYQ,Consumer Cyclical,,5496075264.0,74.06,EQUITY,2026-10-10T01:55:02+00:00
EPRT,Essential Properties Realty Tru,NYQ,Real Estate,,5500691456.0,25.37,EQUITY,2026-10-10T01:55:02+00:00
CPA,"Copa Holdings, S.A.",NYQ,Industrials,,5479191040.0,134.23,EQUITY,2026-10-10T01:55:02+00:00
BBUC,Brookfield Business Corporation,NYQ,Industrials,,5479138816.0,26.67,EQUITY,2026-10-10T01:55:02+00:00
WPP,WPP plc,NYQ,Communication Services,,5474594816.0,25.38,EQUITY,2026-10-10T01:55:02+00:00
MANE,"Veradermics, Incorporated",NYQ,Healthcare,,5469019648.0,130.9,EQUITY,2026-10-10T01:55:02+00:00
ORA,"Ormat Technologies, Inc.",NYQ,Utilities,,5468307968.0,88.92,EQUITY,2026-10-10T01:55:02+00:00
BGC,"BGC Group, Inc.",NMS,Financial Services,,5458355712.0,11.48,EQUITY,2026-10-10T01:55:02+00:00
LAUR,"Laureate Education, Inc.",NMS,Consumer Defensive,,5436967424.0,39.47,EQUITY,2026-10-10T01:55:02+00:00
DOCS,"Doximity, Inc.",NYQ,Healthcare,,5436502528.0,30.5,EQUITY,2026-10-10T01:55:02+00:00
ORKA,"Oruka Therapeutics, Inc.",NGM,Healthcare,,5436478464.0,82.11,EQUITY,2026-10-10T01:55:02+00:00
JOBY,"Joby Aviation, Inc.",NYQ,Industrials,,5419841024.0,5.44,EQUITY,2026-10-10T01:55:02+00:00
ASB,Associated Banc-Corp,NYQ,Financial Services,,5406770688.0,28.65,EQUITY,2026-10-10T01:55:02+00:00
KGS,"Kodiak Gas Services, Inc.",NYQ,Energy,,5406032896.0,53.47,EQUITY,2026-10-10T01:55:02+00:00
HAE,Haemonetics Corporation,NYQ,Healthcare,,5400045056.0,118.69,EQUITY,2026-10-10T01:55:02+00:00
PTCT,"PTC Therapeutics, Inc.",NMS,Healthcare,,5399913472.0,64.7,EQUITY,2026-10-10T01:55:02+00:00
AUB,Atlantic Union Bankshares Corpo,NYQ,Financial Services,,5398403072.0,37.8,EQUITY,2026-10-10T01:55:02+00:00
CAKE,The Cheesecake Factory Incorpor,NMS,Consumer Cyclical,,5396540416.0,108.45,EQUITY,2026-10-10T01:55:02+00:00
HRB,"H&R Block, Inc.",NYQ,Consumer Cyclical,,5395819520.0,44.05,EQUITY,2026-10-10T01:55:02+00:00
COGT,"Cogent Biosciences, Inc.",NMS,Healthcare,,5379274240.0,31.0,EQUITY,2026-10-10T01:55:02+00:00
MBGL,Mobility Global Inc.,NYQ,Technology,,5376305664.0,18.22,EQUITY,2026-10-10T01:55:02+00:00
CRUS,"Cirrus Logic, Inc.",NMS,Technology,,5356063744.0,106.87,EQUITY,2026-10-10T01:55:02+00:00
BCPC,Balchem Corporation,NMS,Basic Materials,,5350088192.0,167.83,EQUITY,2026-10-10T01:55:02+00:00
NOVT,Novanta Inc.,NMS,Technology,,5342894080.0,141.28,EQUITY,2026-10-10T01:55:02+00:00
GXO,"GXO Logistics, Inc.",NYQ,Industrials,,5339714048.0,46.56,EQUITY,2026-10-10T01:55:02+00:00
POR,Portland General Electric Co,NYQ,Utilities,,5338215424.0,45.39,EQUITY,2026-10-10T01:55:02+00:00
NIQ,NIQ Global Intelligence plc,NYQ,Technology,,5335751680.0,18.09,EQUITY,2026-10-10T01:55:02+00:00
CWST,"Casella Waste Systems, Inc.",NMS,Industrials,,5331763200.0,83.78,EQUITY,2026-10-10T01:55:02+00:00
KLAR,Klarna Group plc,NYQ,Financial Services,,5330990592.0,14.06,EQUITY,2026-10-10T01:55:02+00:00
TEO,Telecom Argentina SA,NYQ,Communication Services,,5328224256.0,12.37,EQUITY,2026-10-10T01:55:02+00:00
AROC,"Archrock, Inc.",NYQ,Energy,,5309240320.0,30.28,EQUITY,2026-10-10T01:55:02+00:00
MWH,"SOLV Energy, Inc.",NMS,Utilities,,5304555520.0,26.21,EQUITY,2026-10-10T01:55:02+00:00
ABCB,Ameris Bancorp,NYQ,Financial Services,,5302813696.0,79.02,EQUITY,2026-10-10T01:55:02+00:00
TFX,Teleflex Incorporated,NYQ,Healthcare,,5301634048.0,125.12,EQUITY,2026-10-10T01:55:02+00:00
STVN,Stevanato Group S.p.A.,NYQ,Healthcare,,5296271360.0,19.4,EQUITY,2026-10-10T01:55:02+00:00
VEON,VEON Ltd.,NMS,Communication Services,,5289227776.0,76.81,EQUITY,2026-10-10T01:55:02+00:00
OUT,OUTFRONT Media Inc.,NYQ,Real Estate,,5280534528.0,29.98,EQUITY,2026-10-10T01:55:02+00:00
PAGP,"Plains GP Holdings, L.P.",NMS,Energy,,6202471936.0,26.62,EQUITY,2026-10-10T01:55:02+00:00
BROS,Dutch Bros Inc.,NYQ,Consumer Cyclical,,6673833984.0,38.05,EQUITY,2026-10-10T01:55:02+00:00
BB,BlackBerry Limited,NYQ,Technology,,5230457344.0,8.91,EQUITY,2026-10-10T01:55:02+00:00
VSH,"Vishay Intertechnology, Inc.",NYQ,Technology,,5221026816.0,34.04,EQUITY,2026-10-10T01:55:02+00:00
PSMT,"PriceSmart, Inc.",NMS,Consumer Defensive,,5211725312.0,168.88,EQUITY,2026-10-10T01:55:02+00:00
MMSI,"Merit Medical Systems, Inc.",NMS,Healthcare,,5207345664.0,87.21,EQUITY,2026-10-10T01:55:02+00:00
MTN,"Vail Resorts, Inc.",NYQ,Consumer Cyclical,,5203822080.0,146.03,EQUITY,2026-10-10T01:55:02+00:00
AN,"AutoNation, Inc.",NYQ,Consumer Cyclical,,5203109888.0,157.38,EQUITY,2026-10-10T01:55:02+00:00
RUSHA,"Rush Enterprises, Inc.",NMS,Consumer Cyclical,,5196838400.0,44.52,EQUITY,2026-10-10T01:55:02+00:00
NJR,NewJersey Resources Corporation,NYQ,Utilities,,5168194048.0,51.21,EQUITY,2026-10-10T01:55:02+00:00
CRSP,CRISPR Therapeutics AG,NGM,Healthcare,,5162420736.0,53.39,EQUITY,2026-10-10T01:55:02+00:00
SHC,Sotera Health Company,NMS,Healthcare,,5153868288.0,18.06,EQUITY,2026-10-10T01:55:02+00:00
SRRK,Scholar Rock Holding Corporatio,NMS,Healthcare,,5138120704.0,42.19,EQUITY,2026-10-10T01:55:02+00:00
ACIW,"ACI Worldwide, Inc.",NMS,Technology,,5135592960.0,50.87,EQUITY,2026-10-10T01:55:02+00:00
WAY,Waystar Holding Corp.,NMS,Healthcare,,5115847680.0,26.68,EQUITY,2026-10-10T01:55:02+00:00
RLI,RLI Corp.,NYQ,Financial Services,,5112673792.0,55.71,EQUITY,2026-10-10T01:55:02+00:00
MAAS,Maase Inc.,NGM,Technology,,5112067584.0,11.56,EQUITY,2026-10-10T01:55:02+00:00
RELY,"Remitly Global, Inc.",NMS,Technology,,5107935744.0,24.13,EQUITY,2026-10-10T01:55:02+00:00
VIRT,"Virtu Financial, Inc.",NYQ,Financial Services,,5078172160.0,57.51,EQUITY,2026-10-10T01:55:02+00:00
GRFS,"Grifols, S.A.",NMS,Healthcare,,5077122048.0,7.46,EQUITY,2026-10-10T01:55:02+00:00
OLLI,Ollie's Bargain Outlet Holdings,NGM,Consumer Defensive,,5068807168.0,85.33,EQUITY,2026-10-10T01:55:02+00:00
EXP,Eagle Materials Inc,NYQ,Basic Materials,,5052225536.0,164.7,EQUITY,2026-10-10T01:55:02+00:00
CNX,CNX Resources Corporation,NYQ,Energy,,5034521600.0,34.03,EQUITY,2026-10-10T01:55:02+00:00
WFG,West Fraser Timber Co. Ltd,NYQ,Basic Materials,,5031020544.0,64.25,EQUITY,2026-10-10T01:55:02+00:00
IRDM,Iridium Communications Inc,NMS,Communication Services,,5030944256.0,47.47,EQUITY,2026-10-10T01:55:02+00:00
SEI,"Solaris Energy Infrastructure, ",NYQ,Energy,,7687854080.0,76.4,EQUITY,2026-10-10T01:55:02+00:00
AX,"Axos Financial, Inc.",NYQ,Financial Services,,5028521984.0,88.44,EQUITY,2026-10-10T01:55:02+00:00
MAIN,Main Street Capital Corporation,NYQ,Financial Services,,5025144832.0,53.74,EQUITY,2026-10-10T01:55:02+00:00
SIGI,"Selective Insurance Group, Inc.",NMS,Financial Services,,5019512320.0,84.22,EQUITY,2026-10-10T01:55:02+00:00
BYD,Boyd Gaming Corporation,NYQ,Consumer Cyclical,,5008137728.0,68.93,EQUITY,2026-10-10T01:55:02+00:00
GVA,Granite Construction Incorporat,NYQ,Industrials,,4998025216.0,112.5,EQUITY,2026-10-10T01:55:02+00:00
BOX,"Box, Inc.",NYQ,Technology,,4992735744.0,36.39,EQUITY,2026-10-10T01:55:02+00:00
OBDC,Blue Owl Capital Corporation,NYQ,Financial Services,,4985671168.0,10.11,EQUITY,2026-10-10T01:55:02+00:00
NXST,"Nexstar Media Group, Inc.",NMS,Communication Services,,4974000128.0,161.45,EQUITY,2026-10-10T01:55:02+00:00
ACMR,"ACM Research, Inc.",NGM,Technology,,4970863616.0,71.37,EQUITY,2026-10-10T01:55:02+00:00
GHC,Graham Holdings Company,NYQ,Industrials,,4968248320.0,1173.16,EQUITY,2026-10-10T01:55:02+00:00
CLMT,"Calumet, Inc",NMS,Basic Materials,,4959218176.0,56.42,EQUITY,2026-10-10T01:55:02+00:00
DFTX,"Definium Therapeutics, Inc.",NMS,Healthcare,,4958140416.0,36.9,EQUITY,2026-10-10T01:55:02+00:00
CORZ,"Core Scientific, Inc.",NMS,Technology,,4951856128.0,15.41,EQUITY,2026-10-10T01:55:02+00:00
BLSH,Bullish,NYQ,Technology,,4942219776.0,32.59,EQUITY,2026-10-10T01:55:02+00:00
CE,Celanese Corporation,NYQ,Basic Materials,,4940896768.0,45.02,EQUITY,2026-10-10T01:55:02+00:00
KVYO,"Klaviyo, Inc. Series A",NYQ,Technology,,4931479040.0,17.32,EQUITY,2026-10-10T01:55:02+00:00
IBP,"Installed Building Products, In",NYQ,Consumer Cyclical,,4928842240.0,185.44,EQUITY,2026-10-10T01:55:02+00:00
ROAD,"Construction Partners, Inc.",NMS,Industrials,,4926949888.0,86.81,EQUITY,2026-10-10T01:55:02+00:00
WTM,White Mountains Insurance Group,NYQ,Financial Services,,4918148608.0,2060.63,EQUITY,2026-10-10T01:55:02+00:00
HCC,"Warrior Met Coal, Inc.",NYQ,Basic Materials,,4914290176.0,93.07,EQUITY,2026-10-10T01:55:02+00:00
GTX,Garrett Motion Inc.,NMS,Consumer Cyclical,,4911825920.0,26.24,EQUITY,2026-10-10T01:55:02+00:00
BETA,"Beta Technologies, Inc.",NYQ,Industrials,,4908083200.0,20.98,EQUITY,2026-10-10T01:55:02+00:00
CNO,"CNO Financial Group, Inc.",NYQ,Financial Services,,4902707200.0,52.99,EQUITY,2026-10-10T01:55:02+00:00
GLNG,Golar LNG Limited,NMS,Energy,,4892488192.0,47.92,EQUITY,2026-10-10T01:55:02+00:00
VSEC,VSE Corporation,NMS,Industrials,,4872921088.0,173.63,EQUITY,2026-10-10T01:55:02+00:00
KRG,Kite Realty Group Trust,NYQ,Real Estate,,4971274752.0,23.91,EQUITY,2026-10-10T01:55:02+00:00
MYRG,"MYR Group, Inc.",NMS,Industrials,,4851845632.0,311.63,EQUITY,2026-10-10T01:55:02+00:00
IQMX,IQM Quantum Computers Oyj,NMS,Technology,,4851187712.0,10.23,EQUITY,2026-10-10T01:55:02+00:00
TVTX,"Travere Therapeutics, Inc.",NGM,Healthcare,,4847255040.0,52.125,EQUITY,2026-10-10T01:55:02+00:00
FND,"Floor & Decor Holdings, Inc.",NYQ,Consumer Cyclical,,4845293568.0,45.5,EQUITY,2026-10-10T01:55:02+00:00
SBRA,"Sabra Health Care REIT, Inc.",NMS,Real Estate,,4843573760.0,18.96,EQUITY,2026-10-10T01:55:02+00:00
OZK,Bank OZK,NMS,Financial Services,,4842360320.0,44.41,EQUITY,2026-10-10T01:55:02+00:00
MRCY,Mercury Systems Inc,NMS,Industrials,,4838046208.0,79.49,EQUITY,2026-10-10T01:55:02+00:00
PECO,"Phillips Edison & Company, Inc.",NMS,Real Estate,,5303814656.0,37.57,EQUITY,2026-10-10T01:55:02+00:00
RITM,Rithm Capital Corp.,NYQ,Real Estate,,4824636928.0,8.64,EQUITY,2026-10-10T01:55:02+00:00
KLIC,"Kulicke and Soffa Industries, I",NMS,Technology,,4814801920.0,92.01,EQUITY,2026-10-10T01:55:02+00:00
PSN,Parsons Corporation,NYQ,Technology,,4814787072.0,45.08,EQUITY,2026-10-10T01:55:02+00:00
EBC,"Eastern Bankshares, Inc.",NMS,Financial Services,,4805598208.0,21.03,EQUITY,2026-10-10T01:55:02+00:00
MEOH,Methanex Corporation,NMS,Basic Materials,,4804320768.0,62.1,EQUITY,2026-10-10T01:55:02+00:00
NSIT,"Insight Enterprises, Inc.",NMS,Technology,,4801618432.0,163.605,EQUITY,2026-10-10T01:55:02+00:00
RXO,"RXO, Inc.",NYQ,Industrials,,4797067264.0,29.08,EQUITY,2026-10-10T01:55:02+00:00
MIDD,The Middleby Corporation,NMS,Industrials,,4791307776.0,105.95,EQUITY,2026-10-10T01:55:02+00:00
MAT,"Mattel, Inc.",NMS,Consumer Cyclical,,4768333312.0,16.69,EQUITY,2026-10-10T01:55:02+00:00
SYNA,Synaptics Incorporated,NMS,Technology,,4757020160.0,119.82,EQUITY,2026-10-10T01:55:02+00:00
CHH,"Choice Hotels International, In",NYQ,Consumer Cyclical,,4754711040.0,105.64,EQUITY,2026-10-10T01:55:02+00:00
CON,Concentra Group Holdings Parent,NYQ,Healthcare,,4742384640.0,37.19,EQUITY,2026-10-10T01:55:02+00:00
SON,Sonoco Products Company,NYQ,Consumer Cyclical,,4737787392.0,47.92,EQUITY,2026-10-10T01:55:02+00:00
HLNE,Hamilton Lane Incorporated,NMS,Financial Services,,5741780480.0,85.67,EQUITY,2026-10-10T01:55:02+00:00
LFST,"LifeStance Health Group, Inc.",NMS,Healthcare,,4721514496.0,12.42,EQUITY,2026-10-10T01:55:02+00:00
UNF,Unifirst Corporation,NYQ,Industrials,,4717256192.0,260.85,EQUITY,2026-10-10T01:55:02+00:00
AMTM,"Amentum Holdings, Inc.",NYQ,Industrials,,4716529152.0,19.29,EQUITY,2026-10-10T01:55:02+00:00
USAR,"USA Rare Earth, Inc.",NGM,Basic Materials,,4710962176.0,12.56,EQUITY,2026-10-10T01:55:02+00:00
STWD,"STARWOOD PROPERTY TRUST, INC. S",NYQ,Real Estate,,4826863616.0,12.71,EQUITY,2026-10-10T01:55:02+00:00
CRC,California Resources Corporatio,NYQ,Energy,,4703901696.0,52.96,EQUITY,2026-10-10T01:55:02+00:00
DAVE,Dave Inc.,NGM,Technology,,4699383808.0,368.42,EQUITY,2026-10-10T01:55:02+00:00
FLG,"Flagstar Bank, N.A.",NYQ,Financial Services,,4698850816.0,11.32,EQUITY,2026-10-10T01:55:02+00:00
ADT,ADT Inc.,NYQ,Industrials,,4697495552.0,6.43,EQUITY,2026-10-10T01:55:02+00:00
HASI,HA Sustainable Infrastructure C,NYQ,Financial Services,,4688811520.0,36.49,EQUITY,2026-10-10T01:55:02+00:00
CSW,"CSW Industrials, Inc.",NYQ,Industrials,,4685843968.0,287.59,EQUITY,2026-10-10T01:55:02+00:00
RGTI,"Rigetti Computing, Inc.",NCM,Technology,,4682775040.0,14.03,EQUITY,2026-10-10T01:55:02+00:00
AKO-B,Embotelladora Andina S.A.,NYQ,Consumer Defensive,,4671325696.0,29.61,EQUITY,2026-10-10T01:55:02+00:00
FSLY,"Fastly, Inc.",NMS,Technology,,4667489792.0,29.3,EQUITY,2026-10-10T01:55:02+00:00
CHEF,"The Chefs' Warehouse, Inc.",NMS,Consumer Defensive,,4663808512.0,114.32,EQUITY,2026-10-10T01:55:02+00:00
IEP,Icahn Enterprises L.P. - Deposi,NMS,Energy,,4663602688.0,6.56,EQUITY,2026-10-10T01:55:02+00:00
FBIN,"Fortune Brands Innovations, Inc",NYQ,Industrials,,4656681472.0,39.01,EQUITY,2026-10-10T01:55:02+00:00
OPCH,"Option Care Health, Inc.",NMS,Healthcare,,4654083072.0,31.07,EQUITY,2026-10-10T01:55:02+00:00
TREX,"Trex Company, Inc.",NYQ,Industrials,,4652584960.0,44.78,EQUITY,2026-10-10T01:55:02+00:00
GEF,Greif Inc.,NYQ,Consumer Cyclical,,4651316224.0,81.82,EQUITY,2026-10-10T01:55:02+00:00
REYN,Reynolds Consumer Products Inc.,NMS,Consumer Cyclical,,4638989824.0,22.01,EQUITY,2026-10-10T01:55:02+00:00
SR,Spire Inc.,NYQ,Utilities,,4635626496.0,78.42,EQUITY,2026-10-10T01:55:02+00:00
BLLN,"BillionToOne, Inc.",NMS,Healthcare,,4628576768.0,98.09,EQUITY,2026-10-10T01:55:02+00:00
GOLF,Acushnet Holdings Corp.,NYQ,Consumer Cyclical,,4624511488.0,79.18,EQUITY,2026-10-10T01:55:02+00:00
PIPR,Piper Sandler Companies,NYQ,Financial Services,,4613356544.0,65.28,EQUITY,2026-10-10T01:55:02+00:00
BIPC,Brookfield Infrastructure Corpo,NYQ,Utilities,,4595863040.0,37.36,EQUITY,2026-10-10T01:55:02+00:00
LPX,Louisiana-Pacific Corporation,NYQ,Industrials,,4593268736.0,65.69,EQUITY,2026-10-10T01:55:02+00:00
TENB,"Tenable Holdings, Inc.",NMS,Technology,,4586211328.0,41.59,EQUITY,2026-10-10T01:55:02+00:00
ATAT,Atour Lifestyle Holdings Limite,NMS,Consumer Cyclical,,4569809408.0,33.07,EQUITY,2026-10-10T01:55:02+00:00
MDA,MDA Space Ltd.,NYQ,Industrials,,4563981824.0,28.15,EQUITY,2026-10-10T01:55:02+00:00
DK,"Delek US Holdings, Inc.",NYQ,Energy,,4562409472.0,74.51,EQUITY,2026-10-10T01:55:02+00:00
NWE,"NorthWestern Energy Group, Inc.",NMS,Utilities,,4561548288.0,74.15,EQUITY,2026-10-10T01:55:02+00:00
OGS,"ONE Gas, Inc.",NYQ,Utilities,,4557079552.0,72.5,EQUITY,2026-10-10T01:55:02+00:00
UEC,Uranium Energy Corp.,ASE,Energy,,4554422784.0,9.19,EQUITY,2026-10-10T01:55:02+00:00
CUZ,Cousins Properties Incorporated,NYQ,Real Estate,,4546999296.0,27.62,EQUITY,2026-10-10T01:55:02+00:00
PRM,"Perimeter Solutions, SA",NYQ,Basic Materials,,4542312448.0,27.75,EQUITY,2026-10-10T01:55:02+00:00
RYAN,"Ryan Specialty Holdings, Inc.",NYQ,Financial Services,,9484514304.0,37.01,EQUITY,2026-10-10T01:55:02+00:00
TFSL,TFS Financial Corporation,NMS,Financial Services,,4506715136.0,16.07,EQUITY,2026-10-10T01:55:02+00:00
DNTH,"Dianthus Therapeutics, Inc.",NCM,Healthcare,,4502857728.0,82.37,EQUITY,2026-10-10T01:55:02+00:00
PRIM,Primoris Services Corporation,NYQ,Industrials,,4500382720.0,83.6,EQUITY,2026-10-10T01:55:02+00:00
AXTI,AXT Inc,NMS,Technology,,4489142272.0,68.46,EQUITY,2026-10-10T01:55:02+00:00
RDN,Radian Group Inc.,NYQ,Financial Services,,4488984064.0,33.93,EQUITY,2026-10-10T01:55:02+00:00
BWIN,"The Baldwin Insurance Group, In",NMS,Financial Services,,4483387392.0,31.87,EQUITY,2026-10-10T01:55:02+00:00
NNI,"Nelnet, Inc.",NYQ,Financial Services,,4481732608.0,125.26,EQUITY,2026-10-10T01:55:02+00:00
DLO,DLocal Limited,NMS,Technology,,4481718784.0,15.23,EQUITY,2026-10-10T01:55:02+00:00
OPLN,"OPENLANE, Inc.",NYQ,Consumer Cyclical,,4481184768.0,36.71,EQUITY,2026-10-10T01:55:02+00:00
GNTX,Gentex Corporation,NMS,Consumer Cyclical,,4480506880.0,21.04,EQUITY,2026-10-10T01:55:02+00:00
CGAU,Centerra Gold Inc.,NYQ,Basic Materials,,4476332544.0,22.54,EQUITY,2026-10-10T01:55:02+00:00
YOU,"Clear Secure, Inc.",NYQ,Technology,,4469426688.0,43.43,EQUITY,2026-10-10T01:55:02+00:00
BILL,"BILL Holdings, Inc.",NYQ,Technology,,4464921600.0,44.83,EQUITY,2026-10-10T01:55:02+00:00
WIX,Wix.com Ltd.,NMS,Technology,,4464531456.0,76.56,EQUITY,2026-10-10T01:55:02+00:00
OII,"Oceaneering International, Inc.",NYQ,Energy,,4459923456.0,44.81,EQUITY,2026-10-10T01:55:02+00:00
KBR,"KBR, Inc.",NYQ,Industrials,,4455234560.0,35.34,EQUITY,2026-10-10T01:55:02+00:00
ENVA,"Enova International, Inc.",NYQ,Financial Services,,4433653248.0,178.07,EQUITY,2026-10-10T01:55:02+00:00
CIGI,Colliers International Group In,NMS,Real Estate,,4425590784.0,86.6,EQUITY,2026-10-10T01:55:02+00:00
WHD,"Cactus, Inc. Class A Common Sto",NYQ,Energy,,4423174656.0,63.43,EQUITY,2026-10-10T01:55:02+00:00
FFIN,"First Financial Bankshares, Inc",NMS,Financial Services,,4409951232.0,30.77,EQUITY,2026-10-10T01:55:02+00:00
HHH,Howard Hughes Holdings Inc.,NYQ,Real Estate,,4403116032.0,73.73,EQUITY,2026-10-10T01:55:02+00:00
SIM,"Grupo Simec, S.A.B. de C.V.",ASE,Basic Materials,,4403022336.0,28.7,EQUITY,2026-10-10T01:55:02+00:00
ALK,"Alaska Air Group, Inc.",NYQ,Industrials,,4391276032.0,39.36,EQUITY,2026-10-10T01:55:02+00:00
CNR,"Core Natural Resources, Inc.",NYQ,Energy,,4390822912.0,88.46,EQUITY,2026-10-10T01:55:02+00:00
TPC,Tutor Perini Corporation,NYQ,Industrials,,4382161408.0,83.36,EQUITY,2026-10-10T01:55:02+00:00
CVSA,Covista Inc.,NYQ,Consumer Defensive,,4380833792.0,129.38,EQUITY,2026-10-10T01:55:02+00:00
DIOD,Diodes Incorporated,NMS,Technology,,4372148736.0,94.94,EQUITY,2026-10-10T01:55:02+00:00
TKC,Turkcell Iletisim Hizmetleri AS,NYQ,Communication Services,,4370296832.0,5.02,EQUITY,2026-10-10T01:55:02+00:00
VNT,Vontier Corporation,NYQ,Technology,,4358848000.0,32.24,EQUITY,2026-10-10T01:55:02+00:00
OMAB,Grupo Aeroportuario del Centro ,NMS,Industrials,,4357921792.0,90.28,EQUITY,2026-10-10T01:55:02+00:00
SEZL,Sezzle Inc.,NCM,Financial Services,,4331954176.0,128.64,EQUITY,2026-10-10T01:55:02+00:00
HTFL,"Heartflow, Inc.",NMS,Healthcare,,4325073408.0,49.74,EQUITY,2026-10-10T01:55:02+00:00
ENPH,"Enphase Energy, Inc.",NGM,Technology,,4324299776.0,32.81,EQUITY,2026-10-10T01:55:02+00:00
SKY,"Champion Homes, Inc.",NYQ,Consumer Cyclical,,4322327040.0,79.63,EQUITY,2026-10-10T01:55:02+00:00
FELE,"Franklin Electric Co., Inc.",NMS,Industrials,,4320344064.0,97.72,EQUITY,2026-10-10T01:55:02+00:00
KRMN,Karman Holdings Inc.,NYQ,Industrials,,4319273472.0,32.59,EQUITY,2026-10-10T01:55:02+00:00
PAM,Pampa Energia S.A.,NYQ,Industrials,,4317793280.0,80.34,EQUITY,2026-10-10T01:55:02+00:00
ITGR,Integer Holdings Corporation,NYQ,Healthcare,,4304368640.0,126.61,EQUITY,2026-10-10T01:55:02+00:00
KNTK,Kinetik Holdings Inc.,NYQ,Energy,,9045425152.0,53.46,EQUITY,2026-10-10T01:55:02+00:00
ARX,Accelerant Holdings,NYQ,Financial Services,,4300333056.0,19.8,EQUITY,2026-10-10T01:55:02+00:00
PTEN,"Patterson-UTI Energy, Inc.",NMS,Energy,,4293475840.0,11.31,EQUITY,2026-10-10T01:55:02+00:00
OTF,Blue Owl Technology Finance Cor,NYQ,Financial Services,,4288614912.0,9.36,EQUITY,2026-10-10T01:55:02+00:00
BDC,Belden Inc,NYQ,Technology,,4265384704.0,109.15,EQUITY,2026-10-10T01:55:02+00:00
VSNT,"Versant Media Group, Inc.",NMS,Communication Services,,4264171264.0,30.64,EQUITY,2026-10-10T01:55:02+00:00
STNG,Scorpio Tankers Inc.,NYQ,Energy,,4263926272.0,85.14,EQUITY,2026-10-10T01:55:02+00:00
BCO,Brinks Company (The),NYQ,Industrials,,4259008000.0,103.4,EQUITY,2026-10-10T01:55:02+00:00
TDW,Tidewater Inc.,NYQ,Energy,,4250177280.0,85.42,EQUITY,2026-10-10T01:55:02+00:00
EWTX,"Edgewise Therapeutics, Inc.",NMS,Healthcare,,4242077440.0,39.06,EQUITY,2026-10-10T01:55:02+00:00
SLM,SLM Corporation,NMS,Financial Services,,4233760000.0,22.52,EQUITY,2026-10-10T01:55:02+00:00
INDV,"Indivior Pharmaceuticals, Inc.",NMS,Healthcare,,4229084416.0,35.83,EQUITY,2026-10-10T01:55:02+00:00
MC,Moelis & Company,NYQ,Financial Services,,4228537600.0,57.08,EQUITY,2026-10-10T01:55:02+00:00
ALH,Alliance Laundry Holdings Inc.,NYQ,Consumer Cyclical,,4228243968.0,21.27,EQUITY,2026-10-10T01:55:02+00:00
ADPT,Adaptive Biotechnologies Corpor,NMS,Healthcare,,4227693824.0,26.49,EQUITY,2026-10-10T01:55:02+00:00
IBOC,International Bancshares Corpor,NMS,Financial Services,,4224047360.0,67.92,EQUITY,2026-10-10T01:55:02+00:00
FHI,"Federated Hermes, Inc.",NYQ,Financial Services,,4219799040.0,56.52,EQUITY,2026-10-10T01:55:02+00:00
FULT,Fulton Financial Corporation,NMS,Financial Services,,4219211776.0,22.1,EQUITY,2026-10-10T01:55:02+00:00
CNK,Cinemark Holdings Inc Cinemark ,NYQ,Communication Services,,4219191808.0,36.4,EQUITY,2026-10-10T01:55:02+00:00
LIVN,LivaNova PLC,NMS,Healthcare,,4208593152.0,76.39,EQUITY,2026-10-10T01:55:02+00:00
MMYT,MakeMyTrip Limited,NMS,Consumer Cyclical,,4207244032.0,44.73,EQUITY,2026-10-10T01:55:02+00:00
SFBS,"ServisFirst Bancshares, Inc.",NYQ,Financial Services,,4199942400.0,38.41,EQUITY,2026-10-10T01:55:02+00:00
EPR,EPR Properties,NYQ,Real Estate,,4193572352.0,54.74,EQUITY,2026-10-10T01:55:02+00:00
CRGY,Crescent Energy Company,NYQ,Energy,,4182910976.0,12.66,EQUITY,2026-10-10T01:55:02+00:00
LOPE,"Grand Canyon Education, Inc.",NMS,Consumer Defensive,,4165192960.0,159.8,EQUITY,2026-10-10T01:55:02+00:00
ACLS,"Axcelis Technologies, Inc.",NMS,Technology,,4160045568.0,134.71,EQUITY,2026-10-10T01:55:02+00:00
LBTYB,Liberty Global Ltd.,NMS,Communication Services,,4157857024.0,12.19,EQUITY,2026-10-10T01:55:02+00:00
ESAB,ESAB Corporation,NYQ,Industrials,,4155917824.0,66.85,EQUITY,2026-10-10T01:55:02+00:00
BMA,Banco Macro S.A.,NYQ,Financial Services,,4153479424.0,64.96,EQUITY,2026-10-10T01:55:02+00:00
TAC,TransAlta Corporation,NYQ,Utilities,,4153019136.0,13.13,EQUITY,2026-10-10T01:55:02+00:00
HESM,Hess Midstream LP,NYQ,Energy,,6651313664.0,32.26,EQUITY,2026-10-10T01:55:02+00:00
CCC,CCC Intelligent Solutions Holdi,NMS,Technology,,4134742784.0,7.02,EQUITY,2026-10-10T01:55:02+00:00
HRI,Herc Holdings Inc.,NYQ,Industrials,,4127446016.0,123.46,EQUITY,2026-10-10T01:55:02+00:00
AZZ,AZZ Inc.,NYQ,Industrials,,4112547840.0,136.85,EQUITY,2026-10-10T01:55:02+00:00
WK,Workiva Inc.,NYQ,Technology,,4110741248.0,73.25,EQUITY,2026-10-10T01:55:02+00:00
GFF,Griffon Corporation,NYQ,Industrials,,4103248128.0,90.59,EQUITY,2026-10-10T01:55:02+00:00
PARR,"Par Pacific Holdings, Inc. Comm",NYQ,Energy,,4102658560.0,81.89,EQUITY,2026-10-10T01:55:02+00:00
TRMD,TORM plc,NMS,Energy,,4102312448.0,39.94,EQUITY,2026-10-10T01:55:02+00:00
GEO,Geo Group Inc (The) REIT,NYQ,Industrials,,4097317632.0,31.13,EQUITY,2026-10-10T01:55:02+00:00
GEF-B,"Greif, Inc. Corporation",NYQ,Consumer Cyclical,,4094583296.0,108.04,EQUITY,2026-10-10T01:55:02+00:00
CVCO,"Cavco Industries, Inc.",NMS,Consumer Cyclical,,4094068224.0,532.43,EQUITY,2026-10-10T01:55:02+00:00
UFPI,"UFP Industries, Inc.",NMS,Basic Materials,,4093534208.0,74.21,EQUITY,2026-10-10T01:55:02+00:00
SKE,Skeena Resources Limited,NYQ,Basic Materials,,4088829440.0,32.59,EQUITY,2026-10-10T01:55:02+00:00
FBP,First BanCorp. New,NYQ,Financial Services,,4073189632.0,26.68,EQUITY,2026-10-10T01:55:02+00:00
ABCL,AbCellera Biologics Inc.,NMS,Healthcare,,4065174272.0,12.545,EQUITY,2026-10-10T01:55:02+00:00
FRVO,Fervo Energy Company,NMS,Utilities,,4052994048.0,13.75,EQUITY,2026-10-10T01:55:02+00:00
MIR,"Mirion Technologies, Inc.",NYQ,Industrials,,4139088896.0,16.62,EQUITY,2026-10-10T01:55:02+00:00
AIR,AAR Corp.,NYQ,Industrials,,4036704768.0,100.43,EQUITY,2026-10-10T01:55:02+00:00
SIG,Signet Jewelers Limited,NYQ,Consumer Cyclical,,4031740416.0,105.22,EQUITY,2026-10-10T01:55:02+00:00
SKT,Tanger Inc.,NYQ,Real Estate,,4193419520.0,35.08,EQUITY,2026-10-10T01:55:02+00:00
CRK,"Comstock Resources, Inc.",NYQ,Energy,,4025537792.0,13.71,EQUITY,2026-10-10T01:55:02+00:00
UCB,"United Community Banks, Inc.",NYQ,Financial Services,,4024810496.0,33.38,EQUITY,2026-10-10T01:55:02+00:00
PAY,"Paymentus Holdings, Inc.",NYQ,Technology,,4014955776.0,31.88,EQUITY,2026-10-10T01:55:02+00:00
TNGX,"Tango Therapeutics, Inc.",NGM,Healthcare,,4014612736.0,23.81,EQUITY,2026-10-10T01:55:02+00:00
KFY,Korn Ferry,NYQ,Industrials,,4010011648.0,71.66,EQUITY,2026-10-10T01:55:02+00:00
CAAP,Corporacion America Airports SA,NYQ,Industrials,,4009134848.0,24.54,EQUITY,2026-10-10T01:55:02+00:00
ICUI,"ICU Medical, Inc.",NMS,Healthcare,,4009128448.0,160.32,EQUITY,2026-10-10T01:55:02+00:00
BRC,Brady Corporation,NYQ,Industrials,,4002848000.0,85.35,EQUITY,2026-10-10T01:55:02+00:00
COLD,"Americold Realty Trust, Inc.",NYQ,Real Estate,,4012987904.0,13.99,EQUITY,2026-10-10T01:55:02+00:00
HP,"Helmerich & Payne, Inc.",NYQ,Energy,,3985565184.0,39.88,EQUITY,2026-10-10T01:55:02+00:00
BC,Brunswick Corporation,NYQ,Consumer Cyclical,,3983745792.0,61.48,EQUITY,2026-10-10T01:55:02+00:00
KRC,Kilroy Realty Corporation,NYQ,Real Estate,,4022407424.0,34.25,EQUITY,2026-10-10T01:55:02+00:00
PHI,PLDT Inc. Sponsored,NYQ,Communication Services,,3975426304.0,18.4,EQUITY,2026-10-10T01:55:02+00:00
DHT,"DHT Holdings, Inc.",NYQ,Energy,,3972844288.0,24.64,EQUITY,2026-10-10T01:55:02+00:00
JOYY,JOYY Inc.,NMS,Communication Services,,3969302528.0,81.05,EQUITY,2026-10-10T01:55:02+00:00
LGN,Legence Corp.,NMS,Industrials,,8465603072.0,51.53,EQUITY,2026-10-10T01:55:02+00:00
GLXY,Galaxy Digital Inc.,NMS,Financial Services,,11980414976.0,20.33,EQUITY,2026-10-10T01:55:02+00:00
AYA,Aya Gold & Silver Inc.,NMS,Basic Materials,,3949471488.0,27.42,EQUITY,2026-10-10T01:55:02+00:00
BWLP,BW LPG Limited,NYQ,Energy,,3947179776.0,26.0,EQUITY,2026-10-10T01:55:02+00:00
CATY,Cathay General Bancorp,NMS,Financial Services,,3944121088.0,59.12,EQUITY,2026-10-10T01:55:02+00:00
NP,Neptune Insurance Holdings Inc.,NYQ,Financial Services,,3944078848.0,28.74,EQUITY,2026-10-10T01:55:02+00:00
MDU,"MDU Resources Group, Inc.",NYQ,Utilities,,3941948672.0,18.74,EQUITY,2026-10-10T01:55:02+00:00
TCBI,"Texas Capital Bancshares, Inc.",NMS,Financial Services,,3937908224.0,90.58,EQUITY,2026-10-10T01:55:02+00:00
AQN,Algonquin Power & Utilities Cor,NYQ,Utilities,,3934198784.0,5.11,EQUITY,2026-10-10T01:55:02+00:00
ERO,Ero Copper Corp.,NYQ,Basic Materials,,3922822144.0,37.61,EQUITY,2026-10-10T01:55:02+00:00
ONDS,Ondas Inc,NCM,Technology,,3918897408.0,6.73,EQUITY,2026-10-10T01:55:02+00:00
RLAY,"Relay Therapeutics, Inc.",NGM,Healthcare,,3918252288.0,17.88,EQUITY,2026-10-10T01:55:02+00:00
PENG,"Penguin Solutions, Inc.",NMS,Technology,,3908793088.0,76.28,EQUITY,2026-10-10T01:55:02+00:00
CRVL,CorVel Corp.,NMS,Financial Services,,3897858816.0,77.16,EQUITY,2026-10-10T01:55:02+00:00
TGS,Transportadora de Gas del Sur S,NYQ,Energy,,3870697216.0,25.71,EQUITY,2026-10-10T01:55:02+00:00
CBT,Cabot Corporation,NYQ,Basic Materials,,3866960384.0,74.91,EQUITY,2026-10-10T01:55:02+00:00
BFH,"Bread Financial Holdings, Inc.",NYQ,Financial Services,,3864209920.0,100.58,EQUITY,2026-10-10T01:55:02+00:00
VVV,Valvoline Inc.,NYQ,Consumer Cyclical,,3862451968.0,30.27,EQUITY,2026-10-10T01:55:02+00:00
SITE,"SiteOne Landscape Supply, Inc.",NYQ,Industrials,,3861905408.0,87.16,EQUITY,2026-10-10T01:55:02+00:00
TDS,"Telephone and Data Systems, Inc",NYQ,Communication Services,,3859839232.0,33.53,EQUITY,2026-10-10T01:55:02+00:00
SUNC,SunocoCorp LLC,ASE,Energy,,3856062464.0,74.85,EQUITY,2026-10-10T01:55:02+00:00
CECO,CECO Environmental Corp.,NMS,Industrials,,3855066368.0,65.82,EQUITY,2026-10-10T01:55:02+00:00
WSFS,WSFS Financial Corporation,NMS,Financial Services,,3851720704.0,75.39,EQUITY,2026-10-10T01:55:02+00:00
APLE,"Apple Hospitality REIT, Inc.",NYQ,Real Estate,,3850508800.0,16.31,EQUITY,2026-10-10T01:55:02+00:00
PLSE,"Pulse Biosciences, Inc",NCM,Healthcare,,3837869568.0,53.81,EQUITY,2026-10-10T01:55:02+00:00
TNL,Travel   Leisure Co.,NYQ,Consumer Cyclical,,3837484032.0,62.62,EQUITY,2026-10-10T01:55:02+00:00
MTH,Meritage Homes Corporation,NYQ,Consumer Cyclical,,3832888320.0,58.81,EQUITY,2026-10-10T01:55:02+00:00
SKYW,"SkyWest, Inc.",NMS,Industrials,,3828009984.0,96.52,EQUITY,2026-10-10T01:55:02+00:00
MSGE,Madison Square Garden Entertain,NYQ,Communication Services,,3824154880.0,80.84,EQUITY,2026-10-10T01:55:02+00:00
EQPT,EquipmentShare.com Inc,NMS,Industrials,,3822176512.0,15.085,EQUITY,2026-10-10T01:55:02+00:00
SPHR,Sphere Entertainment Co.,NYQ,Communication Services,,3821567232.0,106.41,EQUITY,2026-10-10T01:55:02+00:00
ACHR,Archer Aviation Inc.,NYQ,Industrials,,3819333120.0,4.96,EQUITY,2026-10-10T01:55:02+00:00
BMI,"Badger Meter, Inc.",NYQ,Technology,,3808292352.0,131.38,EQUITY,2026-10-10T01:55:02+00:00
SEB,Seaboard Corporation,ASE,Industrials,,3808193024.0,3976.0,EQUITY,2026-10-10T01:55:02+00:00
TLX,Telix Pharmaceuticals Limited,NMS,Healthcare,,3797690880.0,11.21,EQUITY,2026-10-10T01:55:02+00:00
CDP,COPT Defense Properties,NYQ,Real Estate,,3878472448.0,33.48,EQUITY,2026-10-10T01:55:02+00:00
AKO-A,Embotelladora Andina S.A.,NYQ,Consumer Defensive,,3786282240.0,24.0,EQUITY,2026-10-10T01:55:02+00:00
CVBF,CVB Financial Corporation,NMS,Financial Services,,3782184960.0,21.49,EQUITY,2026-10-10T01:55:02+00:00
DOO,BRP Inc.,NMS,Consumer Cyclical,,3768120064.0,52.96,EQUITY,2026-10-10T01:55:02+00:00
USAC,"USA Compression Partners, LP",ASE,Energy,,3761280000.0,25.95,EQUITY,2026-10-10T01:55:02+00:00
MNDY,monday.com Ltd.,NMS,Technology,,3760705792.0,88.96,EQUITY,2026-10-10T01:55:02+00:00
FCN,"FTI Consulting, Inc.",NYQ,Industrials,,3759592192.0,136.16,EQUITY,2026-10-10T01:55:02+00:00
PVH,PVH Corp.,NYQ,Consumer Cyclical,,3753312512.0,81.35,EQUITY,2026-10-10T01:55:02+00:00
ITRI,"Itron, Inc.",NMS,Technology,,3747270400.0,85.58,EQUITY,2026-10-10T01:55:02+00:00
DNP,"DNP Select Income Fund, Inc.",NYQ,Financial Services,,3746358016.0,9.89,EQUITY,2026-10-10T01:55:02+00:00
SLGN,Silgan Holdings Inc.,NYQ,Consumer Cyclical,,3745370624.0,35.44,EQUITY,2026-10-10T01:55:02+00:00
CAR,"Avis Budget Group, Inc.",NMS,Industrials,,3743823360.0,105.98,EQUITY,2026-10-10T01:55:02+00:00
BNL,"Broadstone Net Lease, Inc.",NYQ,Real Estate,,3887492096.0,18.26,EQUITY,2026-10-10T01:55:02+00:00
MARA,"MARA Holdings, Inc.",NCM,Financial Services,,3727788032.0,9.65,EQUITY,2026-10-10T01:55:02+00:00
MRP,"Millrose Properties, Inc.",NYQ,Real Estate,,3712831488.0,22.36,EQUITY,2026-10-10T01:55:02+00:00
SRAD,Sportradar Group AG,NMS,Technology,,3696435968.0,12.49,EQUITY,2026-10-10T01:55:02+00:00
NVST,Envista Holdings Corporation,NYQ,Healthcare,,3694207488.0,23.0,EQUITY,2026-10-10T01:55:02+00:00
BATRA,"Atlanta Braves Holdings, Inc. -",NMS,Communication Services,,3694145792.0,57.57,EQUITY,2026-10-10T01:55:02+00:00
JOE,St. Joe Company (The),NYQ,Real Estate,,3692509184.0,64.86,EQUITY,2026-10-10T01:55:02+00:00
TNK,Teekay Tankers Ltd.,NYQ,Energy,,3677098752.0,106.14,EQUITY,2026-10-10T01:55:02+00:00
OTTR,Otter Tail Corporation,NMS,Industrials,,3672058880.0,87.46,EQUITY,2026-10-10T01:55:02+00:00
QTWO,"Q2 Holdings, Inc.",NYQ,Technology,,3653985024.0,58.6,EQUITY,2026-10-10T01:55:02+00:00
GPGI,"GPGI, Inc.",NYQ,Industrials,,3652615168.0,12.6,EQUITY,2026-10-10T01:55:02+00:00
INDB,Independent Bank Corp.,NMS,Financial Services,,3648367872.0,77.02,EQUITY,2026-10-10T01:55:02+00:00
RGC,Regencell Bioscience Holdings L,NCM,Healthcare,,3644750080.0,7.35,EQUITY,2026-10-10T01:55:02+00:00
MGNI,"Magnite, Inc.",NMS,Communication Services,,3642973696.0,25.4,EQUITY,2026-10-10T01:55:02+00:00
CENX,Century Aluminum Company,NMS,Basic Materials,,3638993408.0,36.76,EQUITY,2026-10-10T01:55:02+00:00
VCYT,"Veracyte, Inc.",NGM,Healthcare,,3636072704.0,45.23,EQUITY,2026-10-10T01:55:02+00:00
ECO,Okeanis Eco Tankers Corp.,NYQ,Industrials,,3635448064.0,93.11,EQUITY,2026-10-10T01:55:02+00:00
BOOT,"Boot Barn Holdings, Inc.",NYQ,Consumer Cyclical,,3632969984.0,119.96,EQUITY,2026-10-10T01:55:02+00:00
FRSH,Freshworks Inc.,NMS,Technology,,3632017152.0,13.92,EQUITY,2026-10-10T01:55:02+00:00
STEP,StepStone Group Inc.,NMS,Financial Services,,5692601344.0,44.1,EQUITY,2026-10-10T01:55:02+00:00
OGN,Organon & Co.,NYQ,Healthcare,,3626636544.0,13.81,EQUITY,2026-10-10T01:55:02+00:00
VKTX,"Viking Therapeutics, Inc.",NCM,Healthcare,,3625481216.0,28.51,EQUITY,2026-10-10T01:55:02+00:00
PLNT,"Planet Fitness, Inc.",NYQ,Consumer Cyclical,,3639245824.0,47.98,EQUITY,2026-10-10T01:55:02+00:00
VAC,Marriott Vacations Worldwide Co,NYQ,Consumer Cyclical,,3623202816.0,105.34,EQUITY,2026-10-10T01:55:02+00:00
LEGN,Legend Biotech Corporation,NMS,Healthcare,,3621374464.0,18.62,EQUITY,2026-10-10T01:55:02+00:00
LAZ,"Lazard, Inc.",NYQ,Financial Services,,3617585152.0,36.75,EQUITY,2026-10-10T01:55:02+00:00
ZIM,ZIM Integrated Shipping Service,NYQ,Industrials,,3614384640.0,29.99,EQUITY,2026-10-10T01:55:02+00:00
LXP,LXP Industrial Trust,NYQ,Real Estate,,3596393216.0,61.0,EQUITY,2026-10-10T01:55:02+00:00
LMND,"Lemonade, Inc.",NYQ,Financial Services,,3595846656.0,46.46,EQUITY,2026-10-10T01:55:02+00:00
IPAR,"Interparfums, Inc.",NMS,Consumer Defensive,,3593612800.0,112.21,EQUITY,2026-10-10T01:55:02+00:00
KTB,"Kontoor Brands, Inc.",NYQ,Consumer Cyclical,,3586370816.0,65.62,EQUITY,2026-10-10T01:55:02+00:00
ARIS,Aris Mining Corporation,NYQ,Basic Materials,,3577443840.0,17.33,EQUITY,2026-10-10T01:55:02+00:00
DORM,"Dorman Products, Inc.",NMS,Consumer Cyclical,,3572944384.0,120.4,EQUITY,2026-10-10T01:55:02+00:00
BANF,BancFirst Corporation,NMS,Financial Services,,3566202624.0,106.18,EQUITY,2026-10-10T01:55:02+00:00
RNST,Renasant Corporation,NYQ,Financial Services,,3565688064.0,39.01,EQUITY,2026-10-10T01:55:02+00:00
LIF,"Life360, Inc.",NMS,Technology,,3562321664.0,43.72,EQUITY,2026-10-10T01:55:02+00:00
CNS,Cohen & Steers Inc,NYQ,Financial Services,,3561455360.0,69.26,EQUITY,2026-10-10T01:55:02+00:00
IOND,Ionic Digital Inc.,NMS,Financial Services,,3561447424.0,79.15,EQUITY,2026-10-10T01:55:02+00:00
LRN,"Stride, Inc.",NYQ,Consumer Defensive,,3557106944.0,85.59,EQUITY,2026-10-10T01:55:02+00:00
NHC,National HealthCare Corporation,ASE,Healthcare,,3556859392.0,227.11,EQUITY,2026-10-10T01:55:02+00:00
GNW,Genworth Financial Inc,NYQ,Financial Services,,3551799552.0,9.4,EQUITY,2026-10-10T01:55:02+00:00
MANU,Manchester,NYQ,Communication Services,,3537798400.0,20.51,EQUITY,2026-10-10T01:55:02+00:00
AMLX,"Amylyx Pharmaceuticals, Inc.",NMS,Healthcare,,3531937024.0,28.14,EQUITY,2026-10-10T01:55:02+00:00
XENE,Xenon Pharmaceuticals Inc.,NGM,Healthcare,,3528865280.0,36.44,EQUITY,2026-10-10T01:55:02+00:00
IRTC,"iRhythm Holdings, Inc.",NMS,Healthcare,,3517152512.0,106.7,EQUITY,2026-10-10T01:55:02+00:00
PJT,PJT Partners Inc.,NYQ,Financial Services,,5847744000.0,137.28,EQUITY,2026-10-10T01:55:02+00:00
WSBC,"WesBanco, Inc.",NMS,Financial Services,,3509196544.0,36.59,EQUITY,2026-10-10T01:55:02+00:00
SXI,Standex International Corporati,NYQ,Industrials,,3500340480.0,285.01,EQUITY,2026-10-10T01:55:02+00:00
CSTM,Constellium SE,NYQ,Basic Materials,,3497970688.0,25.81,EQUITY,2026-10-10T01:55:02+00:00
BBWI,"Bath & Body Works, Inc.",NYQ,Consumer Cyclical,,3496529664.0,17.34,EQUITY,2026-10-10T01:55:02+00:00
ATMU,Atmus Filtration Technologies I,NYQ,Consumer Cyclical,,3493104640.0,42.81,EQUITY,2026-10-10T01:55:02+00:00
IDYA,"IDEAYA Biosciences, Inc.",NMS,Healthcare,,3484235520.0,36.11,EQUITY,2026-10-10T01:55:02+00:00
IRT,"Independence Realty Trust, Inc.",NYQ,Real Estate,,3569263872.0,14.77,EQUITY,2026-10-10T01:55:02+00:00
BELFB,Bel Fuse Inc.,NMS,Technology,,3477451776.0,244.5,EQUITY,2026-10-10T01:55:02+00:00
RHI,Robert Half Inc.,NYQ,Industrials,,3470821632.0,33.93,EQUITY,2026-10-10T01:55:02+00:00
AVNT,Avient Corporation,NYQ,Basic Materials,,3466082048.0,37.79,EQUITY,2026-10-10T01:55:02+00:00
SBLK,Star Bulk Carriers Corp.,NMS,Industrials,,3447320320.0,29.7,EQUITY,2026-10-10T01:55:02+00:00
OLED,Universal Display Corporation,NMS,Technology,,3445673984.0,74.96,EQUITY,2026-10-10T01:55:02+00:00
PLMR,"Palomar Holdings, Inc.",NMS,Financial Services,,3441300224.0,130.76,EQUITY,2026-10-10T01:55:02+00:00
SLG,SL Green Realty Corp,NYQ,Real Estate,,3714413312.0,48.41,EQUITY,2026-10-10T01:55:02+00:00
WT,"WisdomTree, Inc.",NYQ,Financial Services,,3425688832.0,22.61,EQUITY,2026-10-10T01:55:02+00:00
TARS,"Tarsus Pharmaceuticals, Inc.",NMS,Healthcare,,3423280128.0,73.16,EQUITY,2026-10-10T01:55:02+00:00
NIC,Nicolet Bankshares Inc.,NYQ,Financial Services,,3411673344.0,162.79,EQUITY,2026-10-10T01:55:02+00:00
ZGN,Ermenegildo Zegna N.V.,NYQ,Consumer Cyclical,,3409517312.0,12.68,EQUITY,2026-10-10T01:55:02+00:00
BULL,Webull Corporation,NCM,Technology,,3405451520.0,6.31,EQUITY,2026-10-10T01:55:02+00:00
HG,"Hamilton Insurance Group, Ltd.",NYQ,Financial Services,,3404168704.0,34.52,EQUITY,2026-10-10T01:55:02+00:00
PBLS,"Parabilis Medicines, Inc.",NMS,Healthcare,,3394693376.0,27.48,EQUITY,2026-10-10T01:55:02+00:00
INTR,Inter & Co. Inc.,NMS,Financial Services,,3390823424.0,7.68,EQUITY,2026-10-10T01:55:02+00:00
ACAD,ACADIA Pharmaceuticals Inc.,NMS,Healthcare,,3387045632.0,19.78,EQUITY,2026-10-10T01:55:02+00:00
NATL,NCR Atleos Corporation,NYQ,Technology,,3383740672.0,45.79,EQUITY,2026-10-10T01:55:02+00:00
MWA,MUELLER WATER PRODUCTS,NYQ,Industrials,,3383243520.0,21.67,EQUITY,2026-10-10T01:55:02+00:00
HNI,HNI Corporation,NYQ,Consumer Cyclical,,3382439168.0,46.86,EQUITY,2026-10-10T01:55:02+00:00
COCO,"The Vita Coco Company, Inc.",NMS,Consumer Defensive,,3378687744.0,58.39,EQUITY,2026-10-10T01:55:02+00:00
BFAM,Bright Horizons Family Solution,NYQ,Consumer Cyclical,,3377721600.0,69.45,EQUITY,2026-10-10T01:55:02+00:00
ALM,Almonty Industries Inc.,NCM,Basic Materials,,3368015872.0,11.87,EQUITY,2026-10-10T01:55:02+00:00
BTE,Baytex Energy Corp,NYQ,Energy,,3363151872.0,4.81,EQUITY,2026-10-10T01:55:02+00:00
UTG,53270,ASE,Financial Services,,3351852288.0,36.39,EQUITY,2026-10-10T01:55:02+00:00
FLY,Firefly Aerospace Inc.,NGM,Industrials,,3348092928.0,20.0,EQUITY,2026-10-10T01:55:02+00:00
ARQT,"Arcutis Biotherapeutics, Inc.",NMS,Healthcare,,3340892160.0,26.58,EQUITY,2026-10-10T01:55:02+00:00
BATRK,"Atlanta Braves Holdings, Inc. -",NMS,Communication Services,,3336730624.0,52.0,EQUITY,2026-10-10T01:55:02+00:00
WING,Wingstop Inc.,NMS,Consumer Cyclical,,3330673664.0,122.26,EQUITY,2026-10-10T01:55:02+00:00
AAMI,Acadian Asset Management Inc.,NYQ,Financial Services,,3325779968.0,93.71,EQUITY,2026-10-10T01:55:02+00:00
CELC,Celcuity Inc.,NCM,Healthcare,,3324433920.0,67.94,EQUITY,2026-10-10T01:55:02+00:00
IPGP,IPG Photonics Corporation,NMS,Technology,,3322061568.0,78.27,EQUITY,2026-10-10T01:55:02+00:00
EXPO,"Exponent, Inc.",NMS,Industrials,,3319192064.0,69.81,EQUITY,2026-10-10T01:55:02+00:00
CSQ,Calamos Strategic Total Return ,NGM,Financial Services,,3314840320.0,20.67,EQUITY,2026-10-10T01:55:02+00:00
LION,Lionsgate Studios Corp,NYQ,Communication Services,,3311839232.0,11.13,EQUITY,2026-10-10T01:55:02+00:00
BRZE,"Braze, Inc.",NMS,Technology,,3300763392.0,29.06,EQUITY,2026-10-10T01:55:02+00:00
THO,"Thor Industries, Inc.",NYQ,Consumer Cyclical,,3296609024.0,63.87,EQUITY,2026-10-10T01:55:02+00:00
CDNA,"CareDx, Inc.",NGM,Healthcare,,3293917952.0,63.67,EQUITY,2026-10-10T01:55:02+00:00
ASO,"Academy Sports and Outdoors, In",NMS,Consumer Cyclical,,3293854976.0,53.49,EQUITY,2026-10-10T01:55:02+00:00
FIBK,"First Interstate BancSystem, In",NMS,Financial Services,,3289915136.0,34.52,EQUITY,2026-10-10T01:55:02+00:00
POST,"Post Holdings, Inc.",NYQ,Consumer Defensive,,3288848128.0,74.82,EQUITY,2026-10-10T01:55:02+00:00
FA,First Advantage Corporation,NMS,Industrials,,3270190592.0,19.04,EQUITY,2026-10-10T01:55:02+00:00
ADX,Adams Diversified Equity Fund I,NYQ,Financial Services,,3269342976.0,26.17,EQUITY,2026-10-10T01:55:02+00:00
PTRN,Pattern Group Inc. - Series A,NMS,Consumer Cyclical,,3267691264.0,18.42,EQUITY,2026-10-10T01:55:02+00:00
DKL,"Delek Logistics Partners, L.P.",NYQ,Energy,,3264969472.0,56.49,EQUITY,2026-10-10T01:55:02+00:00
AWR,American States Water Company,NYQ,Utilities,,3260426496.0,82.26,EQUITY,2026-10-10T01:55:02+00:00
CXW,"CoreCivic, Inc.",NYQ,Industrials,,3256562688.0,32.93,EQUITY,2026-10-10T01:55:02+00:00
FFBC,First Financial Bancorp.,NMS,Financial Services,,3249658112.0,30.9,EQUITY,2026-10-10T01:55:02+00:00
AB,AllianceBernstein Holding L.P.,NYQ,Financial Services,,3248325120.0,34.9,EQUITY,2026-10-10T01:55:02+00:00
SHOO,"Steven Madden, Ltd.",NMS,Consumer Cyclical,,3241745408.0,44.3,EQUITY,2026-10-10T01:55:02+00:00
TGB,Trekor Metals Limited,ASE,Basic Materials,,3239306496.0,8.85,EQUITY,2026-10-10T01:55:02+00:00
FSM,Fortuna Mining Corp.,NYQ,Basic Materials,,3231854592.0,10.92,EQUITY,2026-10-10T01:55:02+00:00
MHO,"M/I Homes, Inc.",NYQ,Consumer Cyclical,,3231677184.0,127.82,EQUITY,2026-10-10T01:55:02+00:00
ASH,Ashland Inc.,NYQ,Basic Materials,,3231638016.0,70.57,EQUITY,2026-10-10T01:55:02+00:00
TOWN,Towne Bank,NMS,Financial Services,,3231607040.0,34.96,EQUITY,2026-10-10T01:55:02+00:00
COHU,"Cohu, Inc.",NMS,Technology,,3228007680.0,68.19,EQUITY,2026-10-10T01:55:02+00:00
CPK,Chesapeake Utilities Corporatio,NYQ,Utilities,,3226286848.0,127.75,EQUITY,2026-10-10T01:55:02+00:00
KN,Knowles Corporation,NYQ,Technology,,3208012032.0,37.56,EQUITY,2026-10-10T01:55:02+00:00
SFNC,Simmons First National Corporat,NMS,Financial Services,,3205315840.0,22.18,EQUITY,2026-10-10T01:55:02+00:00
ATKR,Atkore Inc.,NYQ,Industrials,,3203037184.0,94.84,EQUITY,2026-10-10T01:55:02+00:00
HIW,"Highwoods Properties, Inc.",NYQ,Real Estate,,3261678592.0,29.04,EQUITY,2026-10-10T01:55:02+00:00
EXTR,"Extreme Networks, Inc.",NMS,Technology,,3197209088.0,24.19,EQUITY,2026-10-10T01:55:02+00:00
VECO,Veeco Instruments Inc.,NMS,Technology,,3195857408.0,52.28,EQUITY,2026-10-10T01:55:02+00:00
PRK,Park National Corporation,ASE,Financial Services,,3188324352.0,176.5,EQUITY,2026-10-10T01:55:02+00:00
NHI,"National Health Investors, Inc.",NYQ,Real Estate,,3184811520.0,64.85,EQUITY,2026-10-10T01:55:02+00:00
ARLP,"Alliance Resource Partners, L.P",NMS,Energy,,3167579648.0,24.62,EQUITY,2026-10-10T01:55:02+00:00
FOUR,"Shift4 Payments, Inc.",NYQ,Technology,,3158404864.0,40.0,EQUITY,2026-10-10T01:55:02+00:00
MCHB,Mechanics Bancorp,NMS,Financial Services,,3157542144.0,14.26,EQUITY,2026-10-10T01:55:02+00:00
DAN,Dana Incorporated,NYQ,Consumer Cyclical,,3156299776.0,29.34,EQUITY,2026-10-10T01:55:02+00:00
BSM,"Black Stone Minerals, L.P.",NYQ,Energy,,3147115264.0,14.81,EQUITY,2026-10-10T01:55:02+00:00
VTMX,"Corporacion Inmobiliaria Vesta,",NYQ,Real Estate,,3142749696.0,33.87,EQUITY,2026-10-10T01:55:02+00:00
GBDC,"Golub Capital BDC, Inc.",NMS,Financial Services,,3141784320.0,12.1,EQUITY,2026-10-10T01:55:02+00:00
VGNT,Versigent PLC,NYQ,Consumer Cyclical,,3130210304.0,44.19,EQUITY,2026-10-10T01:55:02+00:00
WRBY,Warby Parker Inc.,NYQ,Healthcare,,3127283712.0,25.3,EQUITY,2026-10-10T01:55:02+00:00
KEN,Kenon Holdings Ltd.,NYQ,Utilities,,3118166528.0,59.84,EQUITY,2026-10-10T01:55:02+00:00
USLM,"United States Lime & Minerals, ",NMS,Basic Materials,,3114982656.0,108.58,EQUITY,2026-10-10T01:55:02+00:00
PFSI,"PennyMac Financial Services, In",NYQ,Financial Services,,3110300160.0,59.9,EQUITY,2026-10-10T01:55:02+00:00
MMS,"Maximus, Inc.",NYQ,Industrials,,3109527552.0,59.39,EQUITY,2026-10-10T01:55:02+00:00
DNLI,Denali Therapeutics Inc.,NMS,Healthcare,,3109032192.0,19.45,EQUITY,2026-10-10T01:55:02+00:00
RCUS,"Arcus Biosciences, Inc.",NYQ,Healthcare,,3108207616.0,24.41,EQUITY,2026-10-10T01:55:02+00:00
DYN,"Dyne Therapeutics, Inc.",NMS,Healthcare,,3107460608.0,16.64,EQUITY,2026-10-10T01:55:02+00:00
OSIS,"OSI Systems, Inc.",NMS,Technology,,3107249152.0,194.91,EQUITY,2026-10-10T01:55:02+00:00
LBRT,Liberty Energy Inc.,NYQ,Energy,,3100637184.0,19.0,EQUITY,2026-10-10T01:55:02+00:00
AVPT,"AvePoint, Inc.",NMS,Technology,,3095202304.0,14.63,EQUITY,2026-10-10T01:55:02+00:00
WSC,WillScot Holdings Corporation,NCM,Industrials,,3092929536.0,17.07,EQUITY,2026-10-10T01:55:02+00:00
PURR,Hyperliquid Strategies Inc,NCM,Financial Services,,3091593984.0,11.11,EQUITY,2026-10-10T01:55:02+00:00
HTGC,"Hercules Capital, Inc.",NYQ,Financial Services,,3090077696.0,16.51,EQUITY,2026-10-10T01:55:02+00:00
CBU,"Community Financial System, Inc",NYQ,Financial Services,,3084870400.0,58.63,EQUITY,2026-10-10T01:55:02+00:00
CURB,Curbline Properties Corp.,NYQ,Real Estate,,3080156928.0,27.01,EQUITY,2026-10-10T01:55:02+00:00
AGO,Assured Guaranty Ltd.,NYQ,Financial Services,,3079863808.0,70.03,EQUITY,2026-10-10T01:55:02+00:00
FRPT,"Freshpet, Inc.",NGM,Consumer Defensive,,3079080704.0,64.07,EQUITY,2026-10-10T01:55:02+00:00
DAC,Danaos Corporation,NYQ,Industrials,,3078041344.0,169.09,EQUITY,2026-10-10T01:55:02+00:00
PAGS,PagSeguro Digital Ltd.,NYQ,Technology,,3076209408.0,11.16,EQUITY,2026-10-10T01:55:02+00:00
KAI,Kadant Inc,NYQ,Industrials,,3075448320.0,260.43,EQUITY,2026-10-10T01:55:02+00:00
UCTT,"Ultra Clean Holdings, Inc.",NMS,Technology,,3074776576.0,68.59,EQUITY,2026-10-10T01:55:02+00:00
SBCF,Seacoast Banking Corporation of,NMS,Financial Services,,3073161984.0,31.74,EQUITY,2026-10-10T01:55:02+00:00
BTU,Peabody Energy Corporation,NYQ,Energy,,3063346944.0,25.13,EQUITY,2026-10-10T01:55:02+00:00
WOR,"Worthington Enterprises, Inc.",NYQ,Industrials,,3055477760.0,62.45,EQUITY,2026-10-10T01:55:02+00:00
PK,Park Hotels & Resorts Inc.,NYQ,Real Estate,,3054302464.0,15.17,EQUITY,2026-10-10T01:55:02+00:00
MIAX,"Miami International Holdings, I",NYQ,Financial Services,,3047380736.0,30.71,EQUITY,2026-10-10T01:55:02+00:00
SPSC,"SPS Commerce, Inc.",NMS,Technology,,3045254656.0,84.59,EQUITY,2026-10-10T01:55:02+00:00
PPLI,People Incorporated,NMS,Communication Services,,3044829952.0,40.89,EQUITY,2026-10-10T01:55:02+00:00
AEO,"American Eagle Outfitters, Inc.",NYQ,Consumer Cyclical,,3044807424.0,18.17,EQUITY,2026-10-10T01:55:02+00:00
INTA,"Intapp, Inc.",NMS,Technology,,3037880320.0,39.61,EQUITY,2026-10-10T01:55:02+00:00
SA,"Seabridge Gold, Inc.",NYQ,Basic Materials,,3029023744.0,28.08,EQUITY,2026-10-10T01:55:02+00:00
NEA,Nuveen AMT-Free Quality Municip,NYQ,Financial Services,,3024296448.0,10.01,EQUITY,2026-10-10T01:55:02+00:00
CBZ,"CBIZ, Inc.",NYQ,Industrials,,3011837184.0,54.82,EQUITY,2026-10-10T01:55:02+00:00
BKU,"BankUnited, Inc.",NYQ,Financial Services,,3011699456.0,42.28,EQUITY,2026-10-10T01:55:02+00:00
NMIH,NMI Holdings Inc,NGM,Financial Services,,3009465856.0,40.01,EQUITY,2026-10-10T01:55:02+00:00
ABG,Asbury Automotive Group Inc,NYQ,Consumer Cyclical,,3008741120.0,167.6,EQUITY,2026-10-10T01:55:02+00:00
CALM,"Cal-Maine Foods, Inc.",NMS,Consumer Defensive,,3005827840.0,64.35,EQUITY,2026-10-10T01:55:02+00:00
TNET,"TriNet Group, Inc.",NYQ,Industrials,,3004464896.0,65.45,EQUITY,2026-10-10T01:55:02+00:00
FHB,"First Hawaiian, Inc.",NMS,Financial Services,,3004312576.0,24.69,EQUITY,2026-10-10T01:55:02+00:00
ELVN,"Enliven Therapeutics, Inc.",NMS,Healthcare,,3002635776.0,40.98,EQUITY,2026-10-10T01:55:02+00:00
FSK,FS KKR Capital Corp.,NYQ,Financial Services,,2995528704.0,10.84,EQUITY,2026-10-10T01:55:02+00:00
SII,Sprott Inc.,NYQ,Financial Services,,2978814976.0,115.76,EQUITY,2026-10-10T01:55:02+00:00
AMBA,"Ambarella, Inc.",NMS,Technology,,2976425728.0,67.43,EQUITY,2026-10-10T01:55:02+00:00
AVA,Avista Corporation,NYQ,Utilities,,2972388096.0,35.49,EQUITY,2026-10-10T01:55:02+00:00
AGYS,"Agilysys, Inc.",NMS,Technology,,2962453760.0,105.03,EQUITY,2026-10-10T01:55:02+00:00
NTCT,"NetScout Systems, Inc.",NMS,Technology,,2958460416.0,40.69,EQUITY,2026-10-10T01:55:02+00:00
SMR,NuScale Power Corporation,NYQ,Industrials,,2954804480.0,7.2,EQUITY,2026-10-10T01:55:02+00:00
LBTYA,Liberty Global Ltd.,NMS,Communication Services,,2953818112.0,8.66,EQUITY,2026-10-10T01:55:02+00:00
NG,Novagold Resources Inc.,ASE,Basic Materials,,2944455424.0,6.71,EQUITY,2026-10-10T01:55:02+00:00
SLDE,"Slide Insurance Holdings, Inc.",NMS,Financial Services,,2936646656.0,25.14,EQUITY,2026-10-10T01:55:02+00:00
PII,Polaris Inc.,NYQ,Consumer Cyclical,,2936221696.0,51.6,EQUITY,2026-10-10T01:55:02+00:00
EFXT,Enerflex Ltd,NYQ,Energy,,2935353344.0,24.04,EQUITY,2026-10-10T01:55:02+00:00
RRR,"Red Rock Resorts, Inc.",NMS,Consumer Cyclical,,5049412096.0,49.51,EQUITY,2026-10-10T01:55:02+00:00
BHE,"Benchmark Electronics, Inc.",NYQ,Technology,,2926396928.0,81.47,EQUITY,2026-10-10T01:55:02+00:00
GPOR,Gulfport Energy Corporation,NYQ,Energy,,2922941696.0,162.66,EQUITY,2026-10-10T01:55:02+00:00
COLM,Columbia Sportswear Company,NMS,Consumer Cyclical,,2920059648.0,57.04,EQUITY,2026-10-10T01:55:02+00:00
CSQR,"Csquare, Inc.",NYQ,Technology,,2914428416.0,17.49,EQUITY,2026-10-10T01:55:02+00:00
LEU,Centrus Energy Corp.,NYQ,Energy,,2913340672.0,142.44,EQUITY,2026-10-10T01:55:02+00:00
CLBK,"Columbia Financial, Inc.",NMS,Financial Services,,2911087360.0,10.8,EQUITY,2026-10-10T01:55:02+00:00
ABM,ABM Industries Incorporated,NYQ,Industrials,,2909042176.0,49.63,EQUITY,2026-10-10T01:55:02+00:00
EXG,Eaton Vance Tax-Managed Global ,NYQ,Financial Services,,2906392320.0,9.5,EQUITY,2026-10-10T01:55:02+00:00
LBTYK,Liberty Global Ltd.,NMS,Communication Services,,2906066176.0,8.52,EQUITY,2026-10-10T01:55:02+00:00
YETI,"YETI Holdings, Inc.",NYQ,Consumer Cyclical,,2904224512.0,39.79,EQUITY,2026-10-10T01:55:02+00:00
CXT,"Crane NXT, Co.",NYQ,Industrials,,2903967744.0,50.45,EQUITY,2026-10-10T01:55:02+00:00
SMG,Scotts Miracle-Gro Company (The,NYQ,Basic Materials,,2902862848.0,49.86,EQUITY,2026-10-10T01:55:02+00:00
SPNT,SiriusPoint Ltd.,NYQ,Financial Services,,2899478784.0,24.96,EQUITY,2026-10-10T01:55:02+00:00
ARCB,ArcBest Corporation,NMS,Industrials,,2891371264.0,129.36,EQUITY,2026-10-10T01:55:02+00:00
LPL,"LG Display Co, Ltd AMERICAN DEP",NYQ,Technology,,2890000128.0,2.89,EQUITY,2026-10-10T01:55:02+00:00
AD,"Array Digital Infrastructure, I",NYQ,Communication Services,,2887532032.0,33.39,EQUITY,2026-10-10T01:55:02+00:00
SDRL,Seadrill Limited,NYQ,Energy,,2886287616.0,46.15,EQUITY,2026-10-10T01:55:02+00:00
PFS,"Provident Financial Services, I",NYQ,Financial Services,,2881035520.0,22.09,EQUITY,2026-10-10T01:55:02+00:00
UTF,Cohen & Steers Infrastructure F,NYQ,Financial Services,,2877991936.0,25.74,EQUITY,2026-10-10T01:55:02+00:00
OUST,"Ouster, Inc.",NMS,Technology,,2877282304.0,39.9,EQUITY,2026-10-10T01:55:02+00:00
STNE,StoneCo Ltd.,NMS,Technology,,2873221632.0,12.46,EQUITY,2026-10-10T01:55:02+00:00
APPN,Appian Corporation,NGM,Technology,,2872266752.0,40.1,EQUITY,2026-10-10T01:55:02+00:00
DGII,Digi International Inc.,NMS,Technology,,2870016512.0,75.63,EQUITY,2026-10-10T01:55:02+00:00
AAUC,Allied Gold Corporation,NYQ,Basic Materials,,2864992512.0,20.56,EQUITY,2026-10-10T01:55:02+00:00
FIZZ,National Beverage Corp.,NMS,Consumer Defensive,,2857041408.0,30.52,EQUITY,2026-10-10T01:55:02+00:00
IHS,IHS Holding Limited,NYQ,Real Estate,,2852212480.0,8.43,EQUITY,2026-10-10T01:55:02+00:00
TDC,Teradata Corporation,NYQ,Technology,,2844869888.0,30.59,EQUITY,2026-10-10T01:55:02+00:00
CWT,California Water Service Group,NYQ,Utilities,,2840888064.0,45.94,EQUITY,2026-10-10T01:55:02+00:00
ATRC,"AtriCure, Inc.",NGM,Healthcare,,2838848000.0,55.81,EQUITY,2026-10-10T01:55:02+00:00
QS,QuantumScape Corporation,NMS,Consumer Cyclical,,2835539968.0,4.58,EQUITY,2026-10-10T01:55:02+00:00
NVTS,Navitas Semiconductor Corporati,NGM,Technology,,2830348032.0,10.78,EQUITY,2026-10-10T01:55:02+00:00
CLBT,Cellebrite DI Ltd.,NMS,Technology,,2830100224.0,11.26,EQUITY,2026-10-10T01:55:02+00:00
KNF,Knife Riv Holding Co.,NYQ,Basic Materials,,2828612096.0,49.84,EQUITY,2026-10-10T01:55:02+00:00
TR,"Tootsie Roll Industries, Inc.",NYQ,Consumer Defensive,,2817111296.0,37.48,EQUITY,2026-10-10T01:55:02+00:00
DNOW,DNOW Inc.,NYQ,Industrials,,2814836224.0,15.57,EQUITY,2026-10-10T01:55:02+00:00
DXPE,"DXP Enterprises, Inc.",NMS,Industrials,,2807362304.0,180.92,EQUITY,2026-10-10T01:55:02+00:00
MNSO,MINISO Group Holding Limited,NYQ,Consumer Cyclical,,2806291200.0,9.6,EQUITY,2026-10-10T01:55:02+00:00
ASST,"Strive, Inc.",NGM,Financial Services,,2806103552.0,27.8,EQUITY,2026-10-10T01:55:02+00:00
ZLAB,Zai Lab Limited,NGM,Healthcare,,2805532928.0,24.99,EQUITY,2026-10-10T01:55:02+00:00
TALO,"Talos Energy, Inc.",NYQ,Energy,,2805019904.0,16.8,EQUITY,2026-10-10T01:55:02+00:00
HOG,"Harley-Davidson, Inc.",NYQ,Consumer Cyclical,,2799550208.0,26.9,EQUITY,2026-10-10T01:55:02+00:00
KYIV,Kyivstar Group Ltd.,NMS,Communication Services,,2793691904.0,12.1,EQUITY,2026-10-10T01:55:02+00:00
BHF,"Brighthouse Financial, Inc.",NMS,Financial Services,,2791036160.0,48.53,EQUITY,2026-10-10T01:55:02+00:00
IMAX,Imax Corporation,NYQ,Communication Services,,2785979136.0,50.8,EQUITY,2026-10-10T01:55:02+00:00
PGEN,"Precigen, Inc.",NMS,Healthcare,,2784350720.0,7.81,EQUITY,2026-10-10T01:55:02+00:00
RUM,RUM Group Inc.,NGM,Communication Services,,2784132864.0,6.96,EQUITY,2026-10-10T01:55:02+00:00
MGRC,McGrath RentCorp,NMS,Industrials,,2775732480.0,113.64,EQUITY,2026-10-10T01:55:02+00:00
KC,Kingsoft Cloud Holdings Limited,NMS,Technology,,2772163072.0,9.26,EQUITY,2026-10-10T01:55:02+00:00
GPI,"Group 1 Automotive, Inc.",NYQ,Consumer Cyclical,,2766075392.0,232.01,EQUITY,2026-10-10T01:55:02+00:00
AEHR,Aehr Test Systems,NCM,Technology,,2764303872.0,84.64,EQUITY,2026-10-10T01:55:02+00:00
ATRO,Astronics Corporation,NMS,Industrials,,2762042112.0,64.22,EQUITY,2026-10-10T01:55:02+00:00
POWI,"Power Integrations, Inc.",NMS,Technology,,2744496128.0,49.12,EQUITY,2026-10-10T01:55:02+00:00
BANC,"Banc of California, Inc.",NYQ,Financial Services,,2740801792.0,17.3,EQUITY,2026-10-10T01:55:02+00:00
ALRM,"Alarm.com Holdings, Inc.",NMS,Technology,,2731871232.0,55.65,EQUITY,2026-10-10T01:55:02+00:00
CWK,Cushman & Wakefield Ltd.,NYQ,Real Estate,,2727373312.0,11.62,EQUITY,2026-10-10T01:55:02+00:00
ACHC,"Acadia Healthcare Company, Inc.",NMS,Healthcare,,2723182848.0,29.25,EQUITY,2026-10-10T01:55:02+00:00
FIVN,"Five9, Inc.",NGM,Technology,,2719936512.0,36.4,EQUITY,2026-10-10T01:55:02+00:00
WDFC,WD-40 Company,NMS,Basic Materials,,2714953472.0,202.29,EQUITY,2026-10-10T01:55:02+00:00
HWKN,"Hawkins, Inc.",NMS,Basic Materials,,2713765120.0,130.0,EQUITY,2026-10-10T01:55:02+00:00
MZTI,The Marzetti Company,NMS,Consumer Defensive,,2709996288.0,99.3,EQUITY,2026-10-10T01:55:02+00:00
GRBK,"Green Brick Partners, Inc.",NYQ,Consumer Cyclical,,2703652352.0,62.86,EQUITY,2026-10-10T01:55:02+00:00
SHAK,"Shake Shack, Inc.",NYQ,Consumer Cyclical,,2865924864.0,66.9,EQUITY,2026-10-10T01:55:02+00:00
IMOS,ChipMOS TECHNOLOGIES INC.,NMS,Technology,,2702742528.0,77.73,EQUITY,2026-10-10T01:55:02+00:00
CHRN,ChronoScale Holdings Corporatio,NCM,Technology,,2699543808.0,18.59,EQUITY,2026-10-10T01:55:02+00:00
CLSK,"CleanSpark, Inc.",NCM,Financial Services,,2695295232.0,10.495,EQUITY,2026-10-10T01:55:02+00:00
NMM,Navios Maritime Partners LP,NYQ,Industrials,,2691835136.0,93.06,EQUITY,2026-10-10T01:55:02+00:00
TMDX,"TransMedics Group, Inc.",NGM,Healthcare,,2691258368.0,77.87,EQUITY,2026-10-10T01:55:02+00:00
DX,"Dynex Capital, Inc.",NYQ,Real Estate,,2687084800.0,10.86,EQUITY,2026-10-10T01:55:02+00:00
UNFI,"United Natural Foods, Inc.",NYQ,Consumer Defensive,,2684713216.0,44.51,EQUITY,2026-10-10T01:55:02+00:00
HGV,Hilton Grand Vacations Inc.,NYQ,Consumer Cyclical,,2683814656.0,34.53,EQUITY,2026-10-10T01:55:02+00:00
KWR,Quaker Houghton,NYQ,Basic Materials,,2683540992.0,155.95,EQUITY,2026-10-10T01:55:02+00:00
AVAH,Aveanna Healthcare Holdings Inc,NMS,Healthcare,,2674060800.0,12.25,EQUITY,2026-10-10T01:55:02+00:00
FUL,H. B. Fuller Company,NYQ,Basic Materials,,2667771136.0,49.56,EQUITY,2026-10-10T01:55:02+00:00
PRVA,"Privia Health Group, Inc.",NMS,Healthcare,,2663258368.0,20.85,EQUITY,2026-10-10T01:55:02+00:00
AMC,"AMC Entertainment Holdings, Inc",NYQ,Communication Services,,2659961856.0,2.98,EQUITY,2026-10-10T01:55:02+00:00
HURN,Huron Consulting Group Inc.,NMS,Industrials,,2657777664.0,167.05,EQUITY,2026-10-10T01:55:02+00:00
BEAM,Beam Therapeutics Inc.,NMS,Healthcare,,2654492928.0,25.7,EQUITY,2026-10-10T01:55:02+00:00
MGEE,MGE Energy Inc.,NMS,Utilities,,2653193472.0,70.22,EQUITY,2026-10-10T01:55:02+00:00
BKV,BKV Corporation,NYQ,Energy,,2652773120.0,24.24,EQUITY,2026-10-10T01:55:02+00:00
VIA,"Via Transportation, Inc.",NYQ,Technology,,2638336768.0,32.37,EQUITY,2026-10-10T01:55:02+00:00
NOG,"Northern Oil and Gas, Inc.",NYQ,Energy,,2638156544.0,24.76,EQUITY,2026-10-10T01:55:02+00:00
UUUU,Energy Fuels Inc,ASE,Energy,,2637144832.0,9.96,EQUITY,2026-10-10T01:55:02+00:00
BOH,Bank of Hawaii Corporation,NYQ,Financial Services,,2635680768.0,66.81,EQUITY,2026-10-10T01:55:02+00:00
ADEA,Adeia Inc.,NMS,Technology,,2634592768.0,23.89,EQUITY,2026-10-10T01:55:02+00:00
FBK,FB Financial Corporation,NYQ,Financial Services,,2631348992.0,52.65,EQUITY,2026-10-10T01:55:02+00:00
ROG,Rogers Corporation,NYQ,Technology,,2631052800.0,147.41,EQUITY,2026-10-10T01:55:02+00:00
AMBP,Ardagh Metal Packaging S.A.,NYQ,Consumer Cyclical,,2629907712.0,4.4,EQUITY,2026-10-10T01:55:02+00:00
PONY,Pony AI Inc.,NMS,Technology,,2628512256.0,6.04,EQUITY,2026-10-10T01:55:02+00:00
KBH,KB Home,NYQ,Consumer Cyclical,,2622304000.0,43.13,EQUITY,2026-10-10T01:55:02+00:00
FIGS,"FIGS, Inc.",NYQ,Consumer Cyclical,,2621692928.0,15.78,EQUITY,2026-10-10T01:55:02+00:00
BTDR,Bitdeer Technologies Group,NCM,Technology,,2617263104.0,9.63,EQUITY,2026-10-10T01:55:02+00:00
GRDN,"Guardian Pharmacy Services, Inc",NYQ,Healthcare,,2614770176.0,41.28,EQUITY,2026-10-10T01:55:02+00:00
GRND,Grindr Inc.,NYQ,Technology,,2612524032.0,15.03,EQUITY,2026-10-10T01:55:02+00:00
LFTO,"Liftoff Mobile, Inc.",NMS,Communication Services,,2609398784.0,15.41,EQUITY,2026-10-10T01:55:02+00:00
NBTB,NBT Bancorp Inc.,NMS,Financial Services,,2601120768.0,50.06,EQUITY,2026-10-10T01:55:02+00:00
REZI,"Resideo Technologies, Inc.",NYQ,Industrials,,2592034560.0,17.07,EQUITY,2026-10-10T01:55:02+00:00
SKWD,Skyward Specialty Insurance Gro,NMS,Financial Services,,2589203456.0,58.32,EQUITY,2026-10-10T01:55:02+00:00
NEOG,Neogen Corporation,NMS,Healthcare,,2586926592.0,11.85,EQUITY,2026-10-10T01:55:02+00:00
BBAR,Banco BBVA Argentina S.A.,NYQ,Financial Services,,2583593984.0,12.65,EQUITY,2026-10-10T01:55:02+00:00
DRH,Diamondrock Hospitality Company,NMS,Real Estate,,2592010496.0,12.62,EQUITY,2026-10-10T01:55:02+00:00
PPTA,Perpetua Resources Corp.,NCM,Basic Materials,,2581977344.0,20.64,EQUITY,2026-10-10T01:55:02+00:00
NAMS,NewAmsterdam Pharma Company N.V,NGM,Healthcare,,2579014400.0,21.575,EQUITY,2026-10-10T01:55:02+00:00
DCO,Ducommun Incorporated,NYQ,Industrials,,2575418368.0,170.56,EQUITY,2026-10-10T01:55:02+00:00
CARG,"CarGurus, Inc.",NMS,Communication Services,,2569769984.0,28.85,EQUITY,2026-10-10T01:55:02+00:00
TRMK,Trustmark Corporation,NMS,Financial Services,,2567300096.0,44.21,EQUITY,2026-10-10T01:55:02+00:00
BCC,"Boise Cascade, L.L.C.",NYQ,Basic Materials,,2566956800.0,73.57,EQUITY,2026-10-10T01:55:02+00:00
MBX,"MBX Biosciences, Inc.",NMS,Healthcare,,2564043520.0,53.24,EQUITY,2026-10-10T01:55:02+00:00
EXK,Endeavour Silver Corporation,NYQ,Basic Materials,,2561649664.0,8.65,EQUITY,2026-10-10T01:55:02+00:00
KD,"Kyndryl Holdings, Inc.",NYQ,Technology,,2559364608.0,11.75,EQUITY,2026-10-10T01:55:02+00:00
MH,"McGraw Hill, Inc.",NYQ,Consumer Defensive,,2557798912.0,13.37,EQUITY,2026-10-10T01:55:02+00:00
LB,LandBridge Company LLC,NYQ,Energy,,6756428800.0,86.25,EQUITY,2026-10-10T01:55:02+00:00
AAP,Advance Auto Parts Inc.,NYQ,Consumer Cyclical,,2554919936.0,42.3,EQUITY,2026-10-10T01:55:02+00:00
WTTR,"Select Water Solutions, Inc.",NYQ,Energy,,2820419072.0,19.76,EQUITY,2026-10-10T01:55:02+00:00
CLOV,"Clover Health Investments, Corp",NMS,Healthcare,,2544238336.0,4.79,EQUITY,2026-10-10T01:55:02+00:00
CENT,Central Garden & Pet Company,NMS,Consumer Defensive,,2540007936.0,40.58,EQUITY,2026-10-10T01:55:02+00:00
JPC,Nuveen Preferred & Income Oppor,NYQ,Financial Services,,2537193472.0,6.75,EQUITY,2026-10-10T01:55:02+00:00
FG,"F&G Annuities & Life, Inc.",NYQ,Financial Services,,2521812224.0,19.26,EQUITY,2026-10-10T01:55:02+00:00
WLY,"John Wiley & Sons, Inc.",NYQ,Communication Services,,2515950080.0,49.64,EQUITY,2026-10-10T01:55:02+00:00
COTY,Coty Inc.,NYQ,Consumer Defensive,,2509956352.0,2.85,EQUITY,2026-10-10T01:55:02+00:00
RNW,ReNew Energy Global plc,NMS,Utilities,,2508180736.0,6.88,EQUITY,2026-10-10T01:55:02+00:00
AKR,Acadia Realty Trust,NYQ,Real Estate,,2659265792.0,18.24,EQUITY,2026-10-10T01:55:02+00:00
CUBI,"Customers Bancorp, Inc",NYQ,Financial Services,,2501352704.0,74.04,EQUITY,2026-10-10T01:55:02+00:00
INFQ,"Infleqtion, Inc.",NYQ,Technology,,2487941888.0,11.04,EQUITY,2026-10-10T01:55:02+00:00
BELFA,Bel Fuse Inc.,NMS,Technology,,2485762560.0,195.38,EQUITY,2026-10-10T01:55:02+00:00
SUPN,"Supernus Pharmaceuticals, Inc.",NGM,Healthcare,,2484424192.0,42.67,EQUITY,2026-10-10T01:55:02+00:00
GDV,Gabelli Dividend & Income Trust,NYQ,Financial Services,,2477772800.0,28.58,EQUITY,2026-10-10T01:55:02+00:00
KALU,Kaiser Aluminum Corporation,NMS,Basic Materials,,2477050880.0,151.51,EQUITY,2026-10-10T01:55:02+00:00
GPK,Graphic Packaging Holding Compa,NYQ,Consumer Cyclical,,2470659840.0,8.35,EQUITY,2026-10-10T01:55:02+00:00
LPG,Dorian LPG Ltd.,NYQ,Energy,,2465993728.0,57.64,EQUITY,2026-10-10T01:55:02+00:00
EEFT,"Euronet Worldwide, Inc.",NMS,Technology,,2459651072.0,64.6,EQUITY,2026-10-10T01:55:02+00:00
CALY,Callaway Golf Company,NYQ,Consumer Cyclical,,2457285888.0,13.67,EQUITY,2026-10-10T01:55:02+00:00
MAN,ManpowerGroup,NYQ,Industrials,,2454563840.0,52.78,EQUITY,2026-10-10T01:55:02+00:00
HCM,HUTCHMED (China) Limited,NMS,Healthcare,,2450779904.0,14.1,EQUITY,2026-10-10T01:55:02+00:00
LQDA,Liquidia Corporation,NCM,Healthcare,,2450753280.0,27.38,EQUITY,2026-10-10T01:55:02+00:00
FBNC,First Bancorp,NMS,Financial Services,,2449592576.0,59.17,EQUITY,2026-10-10T01:55:02+00:00
FRME,First Merchants Corporation,NMS,Financial Services,,2449255424.0,39.0,EQUITY,2026-10-10T01:55:02+00:00
HTO,H2O America,NMS,Utilities,,2447785984.0,58.48,EQUITY,2026-10-10T01:55:02+00:00
UE,Urban Edge Properties,NYQ,Real Estate,,2665623040.0,19.36,EQUITY,2026-10-10T01:55:02+00:00
HOS,"Hornbeck Offshore Services, Inc",NYQ,Industrials,,2442690048.0,7.47,EQUITY,2026-10-10T01:55:02+00:00
PLUS,ePlus inc.,NMS,Technology,,2439942912.0,93.3,EQUITY,2026-10-10T01:55:02+00:00
KMT,Kennametal Inc.,NYQ,Industrials,,2438369792.0,31.92,EQUITY,2026-10-10T01:55:02+00:00
PTY,Pimco Corporate & Income Opport,NYQ,Financial Services,,2434066432.0,10.97,EQUITY,2026-10-10T01:55:02+00:00
WLYB,"John Wiley & Sons, Inc.",NYQ,Communication Services,,2427760128.0,47.9,EQUITY,2026-10-10T01:55:02+00:00
PAYO,Payoneer Global Inc.,NGM,Technology,,2419395072.0,7.14,EQUITY,2026-10-10T01:55:02+00:00
BKD,Brookdale Senior Living Inc.,NYQ,Healthcare,,2416830464.0,10.12,EQUITY,2026-10-10T01:55:02+00:00
TTAM,Titan America SA,NYQ,Basic Materials,,2411603200.0,13.08,EQUITY,2026-10-10T01:55:02+00:00
KYN,Kayne Anderson MLP/Midstream In,NYQ,Financial Services,,2410045952.0,14.25,EQUITY,2026-10-10T01:55:02+00:00
OSW,OneSpaWorld Holdings Limited,NCM,Consumer Cyclical,,2409579520.0,23.74,EQUITY,2026-10-10T01:55:02+00:00
HAYW,"Hayward Holdings, Inc.",NYQ,Industrials,,2407557376.0,11.35,EQUITY,2026-10-10T01:55:02+00:00
NVA,Nova Minerals Corp,ASE,Basic Materials,,2402340608.0,4.86,EQUITY,2026-10-10T01:55:02+00:00
NWL,Newell Brands Inc.,NMS,Consumer Defensive,,2402075904.0,5.64,EQUITY,2026-10-10T01:55:02+00:00
NGVT,Ingevity Corporation,NYQ,Basic Materials,,2398203648.0,69.76,EQUITY,2026-10-10T01:55:02+00:00
RDW,Redwire Corporation,NYQ,Industrials,,2394929152.0,9.58,EQUITY,2026-10-10T01:55:02+00:00
SOUN,"SoundHound AI, Inc.",NGM,Technology,,2393764608.0,5.39,EQUITY,2026-10-10T01:55:02+00:00
BUSE,First Busey Corporation,NMS,Financial Services,,2388951552.0,28.93,EQUITY,2026-10-10T01:55:02+00:00
HCI,"HCI Group, Inc.",NYQ,Financial Services,,2384406528.0,191.69,EQUITY,2026-10-10T01:55:02+00:00
NAD,Nuveen Quality Municipal Income,NYQ,Financial Services,,2384122112.0,10.2,EQUITY,2026-10-10T01:55:02+00:00
IRON,"Disc Medicine, Inc.",NGM,Healthcare,,2382659840.0,62.06,EQUITY,2026-10-10T01:55:02+00:00
ATHM,Autohome Inc.,NYQ,Communication Services,,2380582656.0,20.67,EQUITY,2026-10-10T01:55:02+00:00
APAM,Artisan Partners Asset Manageme,NYQ,Financial Services,,2375540480.0,33.46,EQUITY,2026-10-10T01:55:02+00:00
LIFE,Ethos Technologies Inc.,NMS,Financial Services,,2356549376.0,36.96,EQUITY,2026-10-10T01:55:02+00:00
IOSP,Innospec Inc.,NMS,Basic Materials,,2355959808.0,95.65,EQUITY,2026-10-10T01:55:02+00:00
SLS,"SELLAS Life Sciences Group, Inc",NCM,Healthcare,,2352667392.0,11.65,EQUITY,2026-10-10T01:55:02+00:00
LIND,Lindblad Expeditions Holdings I,NCM,Consumer Cyclical,,2350497280.0,35.82,EQUITY,2026-10-10T01:55:02+00:00
PLUG,"Plug Power, Inc.",NCM,Industrials,,2347288064.0,1.68,EQUITY,2026-10-10T01:55:02+00:00
CLDX,"Celldex Therapeutics, Inc.",NCM,Healthcare,,2347247872.0,29.89,EQUITY,2026-10-10T01:55:02+00:00
HRMY,"Harmony Biosciences Holdings, I",NGM,Healthcare,,2345761792.0,40.28,EQUITY,2026-10-10T01:55:02+00:00
CALX,"Calix, Inc",NYQ,Technology,,2344779008.0,37.24,EQUITY,2026-10-10T01:55:02+00:00
CNXN,"PC Connection, Inc.",NMS,Technology,,2342348032.0,92.81,EQUITY,2026-10-10T01:55:02+00:00
STUB,"StubHub Holdings, Inc.",NYQ,Communication Services,,2338390528.0,6.12,EQUITY,2026-10-10T01:55:02+00:00
RXRX,"Recursion Pharmaceuticals, Inc.",NMS,Healthcare,,2338141952.0,4.36,EQUITY,2026-10-10T01:55:02+00:00
FCPT,"Four Corners Property Trust, In",NYQ,Real Estate,,2335463168.0,21.28,EQUITY,2026-10-10T01:55:02+00:00
SYBT,"Stock Yards Bancorp, Inc.",NMS,Financial Services,,2332794112.0,75.09,EQUITY,2026-10-10T01:55:02+00:00
IVT,InvenTrust Properties Corp.,NYQ,Real Estate,,2322197760.0,29.78,EQUITY,2026-10-10T01:55:02+00:00
ADMA,ADMA Biologics Inc,NGM,Healthcare,,2320481024.0,10.36,EQUITY,2026-10-10T01:55:02+00:00
SVM,Silvercorp Metals Inc.,ASE,Basic Materials,,2320454144.0,10.49,EQUITY,2026-10-10T01:55:02+00:00
HIMX,"Himax Technologies, Inc.",NMS,Technology,,2319864832.0,13.3,EQUITY,2026-10-10T01:55:02+00:00
NRIX,"Nurix Therapeutics, Inc.",NGM,Healthcare,,2319520512.0,22.35,EQUITY,2026-10-10T01:55:02+00:00
NVG,Nuveen AMT-Free Municipal Credi,NYQ,Financial Services,,2311447552.0,10.71,EQUITY,2026-10-10T01:55:02+00:00
KSS,Kohl's Corporation,NYQ,Consumer Cyclical,,2307210752.0,20.35,EQUITY,2026-10-10T01:55:02+00:00
IMNM,"Immunome, Inc.",NCM,Healthcare,,2306960896.0,19.55,EQUITY,2026-10-10T01:55:02+00:00
UPST,"Upstart Holdings, Inc.",NMS,Financial Services,,2306648832.0,24.1,EQUITY,2026-10-10T01:55:02+00:00
ASAN,"Asana, Inc.",NYQ,Technology,,2305729024.0,10.07,EQUITY,2026-10-10T01:55:02+00:00
PBI,Pitney Bowes Inc.,NYQ,Industrials,,2303115264.0,16.8,EQUITY,2026-10-10T01:55:02+00:00
AMR,"Alpha Metallurgical Resources, ",NYQ,Basic Materials,,2302134272.0,181.57,EQUITY,2026-10-10T01:55:02+00:00
NESR,National Energy Services Reunit,NCM,Energy,,2297402880.0,22.78,EQUITY,2026-10-10T01:55:02+00:00
PDFS,"PDF Solutions, Inc.",NMS,Technology,,2297160704.0,54.4,EQUITY,2026-10-10T01:55:02+00:00
HLIO,"Helios Technologies, Inc.",NYQ,Industrials,,2291053568.0,69.53,EQUITY,2026-10-10T01:55:02+00:00
LTC,"LTC Properties, Inc.",NYQ,Real Estate,,2288830208.0,42.46,EQUITY,2026-10-10T01:55:02+00:00
PBH,Prestige Consumer Healthcare In,NYQ,Healthcare,,2284872960.0,48.23,EQUITY,2026-10-10T01:55:02+00:00
RAMP,"LiveRamp Holdings, Inc.",NYQ,Technology,,2283459584.0,37.56,EQUITY,2026-10-10T01:55:02+00:00
FLYW,Flywire Corporation - Voting,NMS,Technology,,2282485504.0,18.76,EQUITY,2026-10-10T01:55:02+00:00
ETY,Eaton Vance Tax-Managed Diversi,NYQ,Financial Services,,2280898304.0,14.32,EQUITY,2026-10-10T01:55:02+00:00
VC,Visteon Corporation,NMS,Consumer Cyclical,,2280470016.0,85.43,EQUITY,2026-10-10T01:55:02+00:00
BBT,Beacon Financial Corporation,NYQ,Financial Services,,2278959360.0,27.19,EQUITY,2026-10-10T01:55:02+00:00
BKE,"Buckle, Inc. (The)",NYQ,Consumer Cyclical,,2274788864.0,44.16,EQUITY,2026-10-10T01:55:02+00:00
AERO,"Grupo Aeromexico, S.A.B. de C.V",NYQ,Industrials,,2271716096.0,15.57,EQUITY,2026-10-10T01:55:02+00:00
NTB,Bank of N.T. Butterfield & Son ,NYQ,Financial Services,,2261284608.0,57.5,EQUITY,2026-10-10T01:55:02+00:00
BHC,Bausch Health Companies Inc.,NYQ,Healthcare,,2258903040.0,6.04,EQUITY,2026-10-10T01:55:02+00:00
BANR,Banner Corporation,NMS,Financial Services,,2257617408.0,66.43,EQUITY,2026-10-10T01:55:02+00:00
SECZ,Securitize Corp.,NYQ,Technology,,2256331520.0,13.82,EQUITY,2026-10-10T01:55:02+00:00
DJT,Trump Media & Technology Group ,NGM,Communication Services,,2254103808.0,8.11,EQUITY,2026-10-10T01:55:02+00:00
MBIN,Merchants Bancorp,NCM,Financial Services,,2247160064.0,48.92,EQUITY,2026-10-10T01:55:02+00:00
PTON,"Peloton Interactive, Inc.",NMS,Consumer Cyclical,,2247023616.0,5.12,EQUITY,2026-10-10T01:55:02+00:00
PRLB,"Proto Labs, Inc.",NYQ,Industrials,,2244830720.0,93.84,EQUITY,2026-10-10T01:55:02+00:00
ICHR,Ichor Holdings,NMS,Technology,,2243882752.0,59.91,EQUITY,2026-10-10T01:55:02+00:00
VVX,"V2X, Inc.",NYQ,Industrials,,2239312384.0,71.44,EQUITY,2026-10-10T01:55:02+00:00
UFPT,"UFP Technologies, Inc.",NCM,Healthcare,,2238300928.0,288.97,EQUITY,2026-10-10T01:55:02+00:00
SIND,Sinda Ltd.,NYQ,Basic Materials,,2226248192.0,14.02,EQUITY,2026-10-10T01:55:02+00:00
LASR,"nLIGHT, Inc.",NMS,Technology,,2219918592.0,38.48,EQUITY,2026-10-10T01:55:02+00:00
AUPH,Aurinia Pharmaceuticals Inc,NGM,Healthcare,,2215301888.0,16.65,EQUITY,2026-10-10T01:55:02+00:00
RH,RH,NYQ,Consumer Cyclical,,2214990336.0,116.99,EQUITY,2026-10-10T01:55:02+00:00
AGM,Federal Agricultural Mortgage C,NYQ,Financial Services,,2212969472.0,203.9,EQUITY,2026-10-10T01:55:02+00:00
DNN,Denison Mines Corp,ASE,Energy,,2199776000.0,2.43,EQUITY,2026-10-10T01:55:02+00:00
STDN,"Standard Nuclear, Inc.",NYQ,Basic Materials,,2199620608.0,13.69,EQUITY,2026-10-10T01:55:02+00:00
FRMI,Fermi Inc.,NMS,Real Estate,,2199520768.0,3.43,EQUITY,2026-10-10T01:55:02+00:00
BFLY,"Butterfly Network, Inc.",NYQ,Healthcare,,2196852736.0,8.25,EQUITY,2026-10-10T01:55:02+00:00
NMRK,"Newmark Group, Inc.",NMS,Real Estate,,2966199552.0,12.12,EQUITY,2026-10-10T01:55:02+00:00
CENTA,Central Garden & Pet Company,NMS,Consumer Defensive,,2190740992.0,35.0,EQUITY,2026-10-10T01:55:02+00:00
BCRX,"BioCryst Pharmaceuticals, Inc.",NMS,Healthcare,,2184825088.0,8.55,EQUITY,2026-10-10T01:55:02+00:00
PHVS,Pharvaris N.V.,NMS,Healthcare,,2183360000.0,31.1,EQUITY,2026-10-10T01:55:02+00:00
XXI,"Twenty One Capital, Inc.",NYQ,Consumer Defensive,,4097802752.0,6.29,EQUITY,2026-10-10T01:55:02+00:00
WAFD,"WaFd, Inc.",NMS,Financial Services,,2178159104.0,29.43,EQUITY,2026-10-10T01:55:02+00:00
ANDE,"The Andersons, Inc.",NMS,Consumer Defensive,,2175713536.0,63.89,EQUITY,2026-10-10T01:55:02+00:00
BGSI,Boyd Group Services Inc.,NYQ,Consumer Cyclical,,2172136704.0,78.05,EQUITY,2026-10-10T01:55:02+00:00
MD,"Pediatrix Medical Group, Inc.",NYQ,Healthcare,,2164587008.0,26.64,EQUITY,2026-10-10T01:55:02+00:00
DBD,Diebold Nixdorf Incorporated,NYQ,Technology,,2161379072.0,63.67,EQUITY,2026-10-10T01:55:02+00:00
DRD,DRDGOLD Limited,NYQ,Basic Materials,,2160597760.0,24.87,EQUITY,2026-10-10T01:55:02+00:00
VERA,"Vera Therapeutics, Inc.",NGM,Healthcare,,2153252352.0,29.88,EQUITY,2026-10-10T01:55:02+00:00
ATEN,"A10 Networks, Inc.",NYQ,Technology,,2151405312.0,29.63,EQUITY,2026-10-10T01:55:02+00:00
PEB,Pebblebrook Hotel Trust,NYQ,Real Estate,,2150079232.0,19.12,EQUITY,2026-10-10T01:55:02+00:00
NWBI,"Northwest Bancshares, Inc.",NMS,Financial Services,,2148555264.0,14.67,EQUITY,2026-10-10T01:55:02+00:00
CHA,Chagee Holdings Limited,NMS,Consumer Cyclical,,2146087424.0,11.25,EQUITY,2026-10-10T01:55:02+00:00
PGNY,"Progyny, Inc.",NMS,Healthcare,,2142979584.0,27.93,EQUITY,2026-10-10T01:55:02+00:00
OPEN,Opendoor Technologies Inc,NMS,Real Estate,,2141715328.0,2.22,EQUITY,2026-10-10T01:55:02+00:00
SSMR,Sunshine Silver Mining & Refini,NYQ,Basic Materials,,2140089216.0,14.89,EQUITY,2026-10-10T01:55:02+00:00
OFG,OFG Bancorp,NYQ,Financial Services,,2136098176.0,50.54,EQUITY,2026-10-10T01:55:02+00:00
ADUS,Addus HomeCare Corporation,NMS,Healthcare,,2133943936.0,114.33,EQUITY,2026-10-10T01:55:02+00:00
INOD,Innodata Inc.,NGM,Technology,,2133099776.0,62.04,EQUITY,2026-10-10T01:55:02+00:00
NZF,Nuveen Municipal Credit Income ,NYQ,Financial Services,,2132762624.0,10.86,EQUITY,2026-10-10T01:55:02+00:00
LUNR,"Intuitive Machines, Inc.",NGM,Industrials,,2129036928.0,13.19,EQUITY,2026-10-10T01:55:02+00:00
NEO,"NeoGenomics, Inc.",NCM,Healthcare,,2128962560.0,16.35,EQUITY,2026-10-10T01:55:02+00:00
EFSC,Enterprise Financial Services C,NMS,Financial Services,,2120519808.0,58.59,EQUITY,2026-10-10T01:55:02+00:00
AXGN,"AxoGen, Inc.",NCM,Healthcare,,2119801728.0,36.13,EQUITY,2026-10-10T01:55:02+00:00
PHIN,PHINIA Inc.,NYQ,Consumer Cyclical,,2118780672.0,57.83,EQUITY,2026-10-10T01:55:02+00:00
UAA,"Under Armour, Inc.",NYQ,Consumer Cyclical,,2117659392.0,4.93,EQUITY,2026-10-10T01:55:02+00:00
ECPG,Encore Capital Group Inc,NMS,Financial Services,,2116058368.0,99.77,EQUITY,2026-10-10T01:55:02+00:00
STGW,Stagwell Inc.,NMS,Communication Services,,2114712576.0,8.65,EQUITY,2026-10-10T01:55:02+00:00
RLX,RLX Technology Inc.,NYQ,Consumer Defensive,,2114500480.0,1.73,EQUITY,2026-10-10T01:55:02+00:00
VRDN,"Viridian Therapeutics, Inc.",NCM,Healthcare,,2114033792.0,18.66,EQUITY,2026-10-10T01:55:02+00:00
CTRI,"Centuri Holdings, Inc.",NYQ,Utilities,,2110127872.0,20.9,EQUITY,2026-10-10T01:55:02+00:00
RVT,"Royce Value Trust, Inc.",NYQ,Financial Services,,2109743232.0,16.98,EQUITY,2026-10-10T01:55:02+00:00
PRDO,Perdoceo Education Corporation,NMS,Consumer Defensive,,2109472512.0,33.71,EQUITY,2026-10-10T01:55:02+00:00
DV,"DoubleVerify Holdings, Inc.",NYQ,Communication Services,,2106900992.0,13.49,EQUITY,2026-10-10T01:55:02+00:00
CTOS,"Custom Truck One Source, Inc.",NYQ,Industrials,,2104426240.0,9.25,EQUITY,2026-10-10T01:55:02+00:00
CDLR,Cadeler A/S,NYQ,Industrials,,2103071744.0,21.8,EQUITY,2026-10-10T01:55:02+00:00
NVAX,"Novavax, Inc.",NMS,Healthcare,,2103058048.0,12.75,EQUITY,2026-10-10T01:55:02+00:00
SHO,"Sunstone Hotel Investors, Inc. ",NYQ,Real Estate,,2103026048.0,11.31,EQUITY,2026-10-10T01:55:02+00:00
DAO,"Youdao, Inc.",NYQ,Consumer Defensive,,2099042560.0,17.4,EQUITY,2026-10-10T01:55:02+00:00
EVT,Eaton Vance Tax Advantaged Divi,NYQ,Financial Services,,2096143104.0,28.12,EQUITY,2026-10-10T01:55:02+00:00
VERX,"Vertex, Inc.",NGM,Technology,,2095529216.0,12.95,EQUITY,2026-10-10T01:55:02+00:00
PRGO,Perrigo Company plc,NYQ,Healthcare,,2089864960.0,15.06,EQUITY,2026-10-10T01:55:02+00:00
ALGT,Allegiant Travel Company,NMS,Industrials,,2089424640.0,76.43,EQUITY,2026-10-10T01:55:02+00:00
NCNO,"nCino, Inc.",NMS,Technology,,2086174720.0,19.73,EQUITY,2026-10-10T01:55:02+00:00
NN,NextNav Inc.,NCM,Technology,,2084802432.0,12.35,EQUITY,2026-10-10T01:55:02+00:00
HTH,Hilltop Holdings Inc.,NYQ,Financial Services,,2084079872.0,36.38,EQUITY,2026-10-10T01:55:02+00:00
PENN,"PENN Entertainment, Inc.",NMS,Consumer Cyclical,,2076882048.0,15.48,EQUITY,2026-10-10T01:55:02+00:00
BSTZ,BlackRock Science and Technolog,NYQ,Financial Services,,2069198976.0,30.1,EQUITY,2026-10-10T01:55:02+00:00
PLBL,Polibeli Group Ltd,NGM,Consumer Cyclical,,2066425216.0,5.64,EQUITY,2026-10-10T01:55:02+00:00
NWCL,newcleo plc,NMS,Industrials,,2066085760.0,7.47,EQUITY,2026-10-10T01:55:02+00:00
BLKB,"Blackbaud, Inc.",NMS,Technology,,2064341504.0,45.48,EQUITY,2026-10-10T01:55:02+00:00
ALVO,Alvotech,NGM,Healthcare,,2062402432.0,5.78,EQUITY,2026-10-10T01:55:02+00:00
MLYS,"Mineralys Therapeutics, Inc.",NMS,Healthcare,,2060263808.0,23.37,EQUITY,2026-10-10T01:55:02+00:00
ETOR,eToro Group Ltd.,NMS,Financial Services,,2059751552.0,25.9,EQUITY,2026-10-10T01:55:02+00:00
CLM,Cornerstone Strategic Value Fd,ASE,Financial Services,,2057017472.0,6.59,EQUITY,2026-10-10T01:55:02+00:00
TRLV,Trulieve Cannabis Corp. Subordi,NYQ,Healthcare,,2054670848.0,10.67,EQUITY,2026-10-10T01:55:02+00:00
VCEL,Vericel Corporation,NGM,Healthcare,,2053385216.0,40.1,EQUITY,2026-10-10T01:55:02+00:00
UA,"Under Armour, Inc.",NYQ,Consumer Cyclical,,2053227776.0,4.78,EQUITY,2026-10-10T01:55:02+00:00
MCRI,"Monarch Casino & Resort, Inc.",NMS,Consumer Cyclical,,2049260928.0,114.34,EQUITY,2026-10-10T01:55:02+00:00
CC,Chemours Company (The),NYQ,Basic Materials,,2048291200.0,13.61,EQUITY,2026-10-10T01:55:02+00:00
GCT,GigaCloud Technology Inc,NGM,Technology,,2044768000.0,57.26,EQUITY,2026-10-10T01:55:02+00:00
SONO,"Sonos, Inc.",NMS,Technology,,2041754112.0,17.26,EQUITY,2026-10-10T01:55:02+00:00
SDGR,"Schrodinger, Inc.",NMS,Healthcare,,2040697728.0,27.28,EQUITY,2026-10-10T01:55:02+00:00
PATK,"Patrick Industries, Inc.",NMS,Consumer Cyclical,,2038225024.0,63.46,EQUITY,2026-10-10T01:55:02+00:00
TRN,"Trinity Industries, Inc.",NYQ,Industrials,,2033165312.0,25.52,EQUITY,2026-10-10T01:55:02+00:00
BVC,BitVentures Limited,NCM,Technology,,2031120000.0,12.09,EQUITY,2026-10-10T01:55:02+00:00
IDT,IDT Corporation,NYQ,Communication Services,,2024104448.0,81.49,EQUITY,2026-10-10T01:55:02+00:00
CCU,"Compania Cervecerias Unidas, S.",NYQ,Consumer Defensive,,2019870080.0,10.91,EQUITY,2026-10-10T01:55:02+00:00
SRCE,1st Source Corporation,NMS,Financial Services,,2019380096.0,83.9,EQUITY,2026-10-10T01:55:02+00:00
BLX,"Bladex, Inc. Class E",NYQ,Financial Services,,2010431232.0,54.0,EQUITY,2026-10-10T01:55:02+00:00
FCF,First,NYQ,Financial Services,,2010002304.0,19.89,EQUITY,2026-10-10T01:55:02+00:00
NWN,Northwest Natural Holding Compa,NYQ,Utilities,,2009124480.0,47.73,EQUITY,2026-10-10T01:55:02+00:00
PLGO,Pelagos Insurance Capital Limit,NYQ,Financial Services,,2008644096.0,24.28,EQUITY,2026-10-10T01:55:02+00:00
WGS,GeneDx Holdings Corp.,NMS,Healthcare,,2007951616.0,67.33,EQUITY,2026-10-10T01:55:02+00:00
TILE,"Interface, Inc.",NMS,Consumer Cyclical,,2007409920.0,34.73,EQUITY,2026-10-10T01:55:02+00:00
ACCV,Accelevation Holdings Corp.,NMS,Industrials,,3720902912.0,16.72,EQUITY,2026-10-10T01:55:02+00:00
PVLA,"Palvella Therapeutics, Inc.",NGM,Healthcare,,1999454720.0,138.77,EQUITY,2026-10-10T01:55:02+00:00
PRCH,"Porch Group, Inc.",NCM,Financial Services,,1993408384.0,17.56,EQUITY,2026-10-10T01:55:02+00:00
INSP,"Inspire Medical Systems, Inc.",NYQ,Healthcare,,1991635840.0,68.89,EQUITY,2026-10-10T01:55:02+00:00
FTRE,Fortrea Holdings Inc.,NMS,Healthcare,,1981884032.0,20.84,EQUITY,2026-10-10T01:55:02+00:00
SEDG,"SolarEdge Technologies, Inc.",NMS,Technology,,1981744256.0,32.21,EQUITY,2026-10-10T01:55:02+00:00
DXC,DXC Technology Company,NYQ,Technology,,1981255680.0,12.4,EQUITY,2026-10-10T01:55:02+00:00
VIR,"Vir Biotechnology, Inc.",NMS,Healthcare,,1979826560.0,11.7,EQUITY,2026-10-10T01:55:02+00:00
MTX,Minerals Technologies Inc.,NYQ,Basic Materials,,1979789184.0,63.6,EQUITY,2026-10-10T01:55:02+00:00
AADX,"Applied Aerospace & Defense, In",NYQ,Industrials,,1973905792.0,11.45,EQUITY,2026-10-10T01:55:02+00:00
GOF,Guggenheim Strategic Opportunit,NYQ,Financial Services,,1973043712.0,8.83,EQUITY,2026-10-10T01:55:02+00:00
TBBK,"The Bancorp, Inc.",NMS,Financial Services,,1967963520.0,48.25,EQUITY,2026-10-10T01:55:02+00:00
CHCO,City Holding Company,NMS,Financial Services,,1965901056.0,139.97,EQUITY,2026-10-10T01:55:02+00:00
EZPW,"EZCORP, Inc.",NMS,Financial Services,,1963730304.0,31.96,EQUITY,2026-10-10T01:55:02+00:00
WERN,"Werner Enterprises, Inc.",NMS,Industrials,,1960368896.0,32.7,EQUITY,2026-10-10T01:55:02+00:00
INVX,"Innovex International, Inc.",NYQ,Energy,,1959160192.0,28.06,EQUITY,2026-10-10T01:55:02+00:00
NMZ,Nuveen Municipal High Income Op,NYQ,Financial Services,,1957692544.0,9.09,EQUITY,2026-10-10T01:55:02+00:00
AMPL,"Amplitude, Inc.",NCM,Technology,,1957434752.0,15.67,EQUITY,2026-10-10T01:55:02+00:00
GRC,Gorman-Rupp Company (The),NYQ,Industrials,,1954093952.0,73.99,EQUITY,2026-10-10T01:55:02+00:00
LKFT,Lakefront Biotherapeutics,NMS,Healthcare,,1946859264.0,29.73,EQUITY,2026-10-10T01:55:02+00:00
RSI,"Rush Street Interactive, Inc.",NYQ,Consumer Cyclical,,4376753152.0,18.9,EQUITY,2026-10-10T01:55:02+00:00
TIC,"TIC Solutions, Inc.",NYQ,Industrials,,1944343296.0,8.91,EQUITY,2026-10-10T01:55:02+00:00
PLPC,Preformed Line Products Company,NMS,Industrials,,1942036480.0,397.25,EQUITY,2026-10-10T01:55:02+00:00
ZD,"Ziff Davis, Inc.",NMS,Communication Services,,1937912960.0,56.52,EQUITY,2026-10-10T01:55:02+00:00
DRVN,Driven Brands Holdings Inc.,NMS,Consumer Cyclical,,1933563392.0,11.72,EQUITY,2026-10-10T01:55:02+00:00
ARR,"ARMOUR Residential REIT, Inc.",NYQ,Real Estate,,1923705856.0,13.59,EQUITY,2026-10-10T01:55:02+00:00
BLBD,Blue Bird Corporation,NGM,Industrials,,1916631936.0,56.29,EQUITY,2026-10-10T01:55:02+00:00
SAH,"Sonic Automotive, Inc.",NYQ,Consumer Cyclical,,1914592512.0,60.56,EQUITY,2026-10-10T01:55:02+00:00
PAX,Patria Investments Limited,NMS,Financial Services,,1913299712.0,11.67,EQUITY,2026-10-10T01:55:02+00:00
XERS,"Xeris Biopharma Holdings, Inc.",NMS,Healthcare,,1910716672.0,10.48,EQUITY,2026-10-10T01:55:02+00:00
WU,Western Union Company (The),NYQ,Financial Services,,1908699264.0,6.12,EQUITY,2026-10-10T01:55:02+00:00
MQ,"Marqeta, Inc.",NMS,Technology,,1905209216.0,18.11,EQUITY,2026-10-10T01:55:02+00:00
LCII,LCI Industries,NYQ,Consumer Cyclical,,1903591168.0,78.3,EQUITY,2026-10-10T01:55:02+00:00
AGIO,"Agios Pharmaceuticals, Inc.",NMS,Healthcare,,1899116800.0,31.81,EQUITY,2026-10-10T01:55:02+00:00
ADRX,"ADARx Pharmaceuticals, Inc.",NMS,Healthcare,,1898927744.0,17.78,EQUITY,2026-10-10T01:55:02+00:00
CEPU,Central Puerto S.A.,NYQ,Utilities,,1894713856.0,12.64,EQUITY,2026-10-10T01:55:02+00:00
BLFS,"BioLife Solutions, Inc.",NCM,Healthcare,,1888929920.0,38.61,EQUITY,2026-10-10T01:55:02+00:00
KARO,Karooooo Ltd.,NCM,Technology,,1886962816.0,61.08,EQUITY,2026-10-10T01:55:02+00:00
SRPT,"Sarepta Therapeutics, Inc.",NMS,Healthcare,,1885442432.0,17.85,EQUITY,2026-10-10T01:55:02+00:00
SMA,"SmartStop Self Storage REIT, In",NYQ,Real Estate,,1884838528.0,32.83,EQUITY,2026-10-10T01:55:02+00:00
KEEL,Keel Infrastructure Corp.,NGM,Technology,,1883598208.0,3.05,EQUITY,2026-10-10T01:55:02+00:00
WHR,Whirlpool Corporation,NYQ,Consumer Cyclical,,1879698048.0,28.83,EQUITY,2026-10-10T01:55:02+00:00
TRVI,"Trevi Therapeutics, Inc.",NGM,Healthcare,,1879256320.0,13.19,EQUITY,2026-10-10T01:55:02+00:00
MPT,"Medical Properties Trust, Inc.",NYQ,Real Estate,,1875208064.0,3.14,EQUITY,2026-10-10T01:55:02+00:00
ALNT,Allient Inc.,NGM,Technology,,1868746112.0,109.91,EQUITY,2026-10-10T01:55:02+00:00
VSTS,Vestis Corporation,NYQ,Industrials,,1867422336.0,14.13,EQUITY,2026-10-10T01:55:02+00:00
SBET,"SharpLink, Inc.",NCM,Financial Services,,1865950720.0,8.59,EQUITY,2026-10-10T01:55:02+00:00
ASTH,Astrana Health Inc.,NCM,Healthcare,,1862643968.0,37.55,EQUITY,2026-10-10T01:55:02+00:00
WKC,World Kinect Corporation,NYQ,Energy,,1862430464.0,36.41,EQUITY,2026-10-10T01:55:02+00:00
NSP,"Insperity, Inc.",NYQ,Industrials,,1861255552.0,48.73,EQUITY,2026-10-10T01:55:02+00:00
BXMT,"Blackstone Mortgage Trust, Inc.",NYQ,Real Estate,,1859035648.0,11.03,EQUITY,2026-10-10T01:55:02+00:00
TY,Tri Continental Corporation,NYQ,Financial Services,,1858035328.0,34.78,EQUITY,2026-10-10T01:55:02+00:00
MESO,Mesoblast Limited,NMS,Healthcare,,1855626240.0,14.29,EQUITY,2026-10-10T01:55:02+00:00
ALG,"Alamo Group, Inc.",NYQ,Industrials,,1855098496.0,152.42,EQUITY,2026-10-10T01:55:02+00:00
AI,"C3.ai, Inc.",NYQ,Technology,,1853791744.0,11.53,EQUITY,2026-10-10T01:55:02+00:00
BOBS,"Bob's Discount Furniture, Inc.",NYQ,Consumer Cyclical,,1853142784.0,14.18,EQUITY,2026-10-10T01:55:02+00:00
MFP,"Midera Food Processing, Inc.",NMS,Industrials,,1853091840.0,40.97,EQUITY,2026-10-10T01:55:02+00:00
ZYME,Zymeworks Inc.,NMS,Healthcare,,1850432512.0,25.79,EQUITY,2026-10-10T01:55:02+00:00
SFL,SFL Corporation Ltd,NYQ,Industrials,,1849861632.0,13.34,EQUITY,2026-10-10T01:55:02+00:00
TOP,TOP Financial Group Limited,NCM,Financial Services,,1845686272.0,14.92,EQUITY,2026-10-10T01:55:02+00:00
LMAT,"LeMaitre Vascular, Inc.",NGM,Healthcare,,1845320320.0,80.69,EQUITY,2026-10-10T01:55:02+00:00
HMN,Horace Mann Educators Corporati,NYQ,Financial Services,,1845228160.0,45.56,EQUITY,2026-10-10T01:55:02+00:00
GENB,"Generate Biomedicines, Inc.",NMS,Healthcare,,1840573952.0,14.34,EQUITY,2026-10-10T01:55:02+00:00
RUN,Sunrun Inc.,NMS,Technology,,1840070912.0,7.64,EQUITY,2026-10-10T01:55:02+00:00
ESTA,Establishment Labs Holdings Inc,NCM,Healthcare,,1837882624.0,61.67,EQUITY,2026-10-10T01:55:02+00:00
XPRO,Expro Ltd,NYQ,Energy,,1833614464.0,16.17,EQUITY,2026-10-10T01:55:02+00:00
NTLA,"Intellia Therapeutics, Inc.",NGM,Healthcare,,1831455744.0,13.07,EQUITY,2026-10-10T01:55:02+00:00
XNCR,"Xencor, Inc.",NGM,Healthcare,,1831324160.0,24.63,EQUITY,2026-10-10T01:55:02+00:00
LIME,"Neutron Holdings, Inc.",NMS,Industrials,,1829861248.0,28.58,EQUITY,2026-10-10T01:55:02+00:00
STRA,"Strategic Education, Inc.",NMS,Consumer Defensive,,1829680896.0,82.39,EQUITY,2026-10-10T01:55:02+00:00
CMRE,Costamare Inc.,NYQ,Industrials,,1827896192.0,15.12,EQUITY,2026-10-10T01:55:02+00:00
EVTC,"Evertec, Inc.",NYQ,Technology,,1826427008.0,29.64,EQUITY,2026-10-10T01:55:02+00:00
NGL,NGL ENERGY PARTNERS LP,NYQ,Energy,,1825022592.0,14.74,EQUITY,2026-10-10T01:55:02+00:00
USA,Liberty All-Star Equity Fund,NYQ,Financial Services,,1824658688.0,5.92,EQUITY,2026-10-10T01:55:02+00:00
BHVN,Biohaven Ltd.,NYQ,Healthcare,,1824608768.0,12.08,EQUITY,2026-10-10T01:55:02+00:00
GPCR,Structure Therapeutics Inc.,NGM,Healthcare,,1821253760.0,25.54,EQUITY,2026-10-10T01:55:02+00:00
SGRY,"Surgery Partners, Inc.",NMS,Healthcare,,1818454656.0,13.89,EQUITY,2026-10-10T01:55:02+00:00
DHC,Diversified Healthcare Trust,NMS,Real Estate,,1815967488.0,7.5,EQUITY,2026-10-10T01:55:02+00:00
VET,Vermilion Energy Inc.,NYQ,Energy,,1813735936.0,11.87,EQUITY,2026-10-10T01:55:02+00:00
FORTY,Formula Systems (1985) Ltd.,NMS,Technology,,1811714176.0,118.145,EQUITY,2026-10-10T01:55:02+00:00
GABC,"German American Bancorp, Inc.",NMS,Financial Services,,1809795328.0,48.16,EQUITY,2026-10-10T01:55:02+00:00
CMPR,Cimpress PLC,NMS,Industrials,,1806974592.0,74.21,EQUITY,2026-10-10T01:55:02+00:00
WMK,"Weis Markets, Inc.",NYQ,Consumer Defensive,,1806108032.0,72.99,EQUITY,2026-10-10T01:55:02+00:00
WS,"Worthington Steel, Inc.",NYQ,Basic Materials,,1805074304.0,36.05,EQUITY,2026-10-10T01:55:02+00:00
TH,Target Hospitality Corp.,NCM,Industrials,,1802888064.0,18.41,EQUITY,2026-10-10T01:55:02+00:00
BRVE,"Braveheart Bio, Inc.",NGM,Healthcare,,1802580224.0,20.02,EQUITY,2026-10-10T01:55:02+00:00
EPAC,Enerpac Tool Group Corp.,NYQ,Industrials,,1800402816.0,34.93,EQUITY,2026-10-10T01:55:02+00:00
URGN,UroGen Pharma Ltd.,NGM,Healthcare,,1800271232.0,36.83,EQUITY,2026-10-10T01:55:02+00:00
NAT,Nordic American Tankers Limited,NYQ,Energy,,1793528064.0,8.47,EQUITY,2026-10-10T01:55:02+00:00
GNL,"Global Net Lease, Inc.",NYQ,Real Estate,,1792713344.0,7.75,EQUITY,2026-10-10T01:55:02+00:00
MNR,Mach Natural Resources LP,NYQ,Energy,,1791352960.0,10.73,EQUITY,2026-10-10T01:55:02+00:00
SEPN,"Septerna, Inc.",NGM,Healthcare,,1790994432.0,38.37,EQUITY,2026-10-10T01:55:02+00:00
GAB,"Gabelli Equity Trust, Inc. (The",NYQ,Financial Services,,1789006848.0,5.21,EQUITY,2026-10-10T01:55:02+00:00
HYMC,Hycroft Mining Holding Corporat,NCM,Basic Materials,,1788156544.0,19.19,EQUITY,2026-10-10T01:55:02+00:00
RBCAA,"Republic Bancorp, Inc.",NMS,Financial Services,,1785333504.0,90.93,EQUITY,2026-10-10T01:55:02+00:00
MHD,"Blackrock MuniHoldings Fund, In",NYQ,Financial Services,,1783684096.0,10.21,EQUITY,2026-10-10T01:55:02+00:00
GENI,Genius Sports Limited,NYQ,Communication Services,,1779719296.0,6.65,EQUITY,2026-10-10T01:55:02+00:00
SPB,"Spectrum Brands Holdings, Inc.",NYQ,Consumer Defensive,,1779169280.0,77.37,EQUITY,2026-10-10T01:55:02+00:00
ZBIO,"Zenas BioPharma, Inc.",NMS,Healthcare,,1776717568.0,27.26,EQUITY,2026-10-10T01:55:02+00:00
SAM,"Boston Beer Company, Inc. (The)",NYQ,Consumer Defensive,,1775595904.0,170.51,EQUITY,2026-10-10T01:55:02+00:00
ACVA,ACV Auctions Inc.,NYQ,Consumer Cyclical,,1772964864.0,10.44,EQUITY,2026-10-10T01:55:02+00:00
ETV,Eaton Vance Corporation Eaton V,NYQ,Financial Services,,1771166848.0,15.17,EQUITY,2026-10-10T01:55:02+00:00
ETG,Eaton Vance Tax-Advantaged Glob,NYQ,Financial Services,,1767615232.0,23.16,EQUITY,2026-10-10T01:55:02+00:00
GEL,"Genesis Energy, L.P.",NYQ,Energy,,1764774784.0,14.44,EQUITY,2026-10-10T01:55:02+00:00
PICS,PicS N.V.,NMS,Technology,,1762390656.0,13.6,EQUITY,2026-10-10T01:55:02+00:00
NEXT,NextDecade Corporation,NCM,Energy,,1762147584.0,6.62,EQUITY,2026-10-10T01:55:02+00:00
XRAY,DENTSPLY SIRONA Inc.,NMS,Healthcare,,1760294656.0,8.83,EQUITY,2026-10-10T01:55:02+00:00
NUVB,Nuvation Bio Inc.,NYQ,Healthcare,,1755616128.0,5.0,EQUITY,2026-10-10T01:55:02+00:00
BST,BlackRock Science and Technolog,NYQ,Financial Services,,1754749824.0,50.54,EQUITY,2026-10-10T01:55:02+00:00
ALMR,"Alamar Biosciences, Inc.",NMS,Healthcare,,1753555328.0,25.27,EQUITY,2026-10-10T01:55:02+00:00
PDO,Pimco Dynamic Income Opportunities Fund,NYQ,Financial Services,,1752455296.0,12.1,EQUITY,2026-10-10T01:55:02+00:00
AIN,Albany International Corporatio,NYQ,Consumer Cyclical,,1752336768.0,61.8,EQUITY,2026-10-10T01:55:02+00:00
HAPN,"Happen, Inc.",NMS,Financial Services,,1750731264.0,15.17,EQUITY,2026-10-10T01:55:02+00:00
NUV,"Nuveen Municipal Value Fund, In",NYQ,Financial Services,,1749750016.0,8.33,EQUITY,2026-10-10T01:55:02+00:00
NEXA,Nexa Resources S.A.,NYQ,Basic Materials,,1748189568.0,13.2,EQUITY,2026-10-10T01:55:02+00:00
PLAB,"Photronics, Inc.",NMS,Technology,,1747496192.0,29.62,EQUITY,2026-10-10T01:55:02+00:00
ABSI,Absci Corporation,NMS,Healthcare,,1743598336.0,10.16,EQUITY,2026-10-10T01:55:02+00:00
ATS,ATS Corporation,NYQ,Industrials,,1731939712.0,17.65,EQUITY,2026-10-10T01:55:02+00:00
BL,"BlackLine, Inc.",NMS,Technology,,1730389376.0,29.77,EQUITY,2026-10-10T01:55:02+00:00
GTY,Getty Realty Corporation,NYQ,Real Estate,,1725445120.0,27.86,EQUITY,2026-10-10T01:55:02+00:00
BAND,Bandwidth Inc.,NMS,Technology,,1714270592.0,53.27,EQUITY,2026-10-10T01:55:02+00:00
RLJ,RLJ Lodging Trust,NYQ,Real Estate,,1716775680.0,11.21,EQUITY,2026-10-10T01:55:02+00:00
PSNL,"Personalis, Inc.",NGM,Healthcare,,1708014080.0,16.0,EQUITY,2026-10-10T01:55:02+00:00
NYAX,Nayax Ltd.,NMS,Technology,,1704256384.0,45.595,EQUITY,2026-10-10T01:55:02+00:00
CPRI,Capri Holdings Limited,NYQ,Consumer Cyclical,,1699091584.0,14.95,EQUITY,2026-10-10T01:55:02+00:00
NVCR,NovoCure Limited,NMS,Healthcare,,1697780352.0,14.58,EQUITY,2026-10-10T01:55:02+00:00
SID,Companhia Siderurgica Nacional ,NYQ,Basic Materials,,1697400192.0,1.28,EQUITY,2026-10-10T01:55:02+00:00
ANIP,"ANI Pharmaceuticals, Inc.",NGM,Healthcare,,1697279232.0,73.89,EQUITY,2026-10-10T01:55:02+00:00
OLN,Olin Corporation,NYQ,Basic Materials,,1697199232.0,14.89,EQUITY,2026-10-10T01:55:02+00:00
NTST,NetSTREIT Corp.,NYQ,Real Estate,,1704389632.0,17.45,EQUITY,2026-10-10T01:55:02+00:00
BDJ,Blackrock Enhanced Equity Divid,NYQ,Financial Services,,1696899584.0,9.59,EQUITY,2026-10-10T01:55:02+00:00
HOPE,"Hope Bancorp, Inc.",NMS,Financial Services,,1696411648.0,13.28,EQUITY,2026-10-10T01:55:02+00:00
FRNM,"Freenome, Inc.",NCM,Healthcare,,1695510784.0,15.78,EQUITY,2026-10-10T01:55:02+00:00
STEW,"SRH Total Return Fund, Inc.",NYQ,Financial Services,,1695441664.0,17.58,EQUITY,2026-10-10T01:55:02+00:00
STBA,"S&T Bancorp, Inc.",NMS,Financial Services,,1694506880.0,48.05,EQUITY,2026-10-10T01:55:02+00:00
SNDA,"Sonida Senior Living, Inc.",NYQ,Healthcare,,1693211264.0,35.24,EQUITY,2026-10-10T01:55:02+00:00
FSUN,FirstSun Capital Bancorp,NMS,Financial Services,,1691649792.0,38.49,EQUITY,2026-10-10T01:55:02+00:00
WLTH,Wealthfront Corporation,NMS,Technology,,1689829120.0,10.82,EQUITY,2026-10-10T01:55:02+00:00
DCOM,"Dime Commercial Bancshares, Inc",NYQ,Financial Services,,1684132608.0,38.14,EQUITY,2026-10-10T01:55:02+00:00
QUBT,Quantum Computing Inc.,NCM,Technology,,1684020736.0,7.44,EQUITY,2026-10-10T01:55:02+00:00
NBHC,National Bank Holdings Corporat,NYQ,Financial Services,,1679753472.0,37.93,EQUITY,2026-10-10T01:55:02+00:00
BXDC,Blackstone Digital Infrastructu,NYQ,Real Estate,,1676827392.0,16.66,EQUITY,2026-10-10T01:55:02+00:00
GLP,Global Partners LP,NYQ,Energy,,1671124096.0,49.37,EQUITY,2026-10-10T01:55:02+00:00
FLNG,FLEX LNG Ltd.,NYQ,Energy,,1668208896.0,30.84,EQUITY,2026-10-10T01:55:02+00:00
UNIT,Uniti Group Inc.,NMS,Real Estate,,1667521664.0,6.87,EQUITY,2026-10-10T01:55:02+00:00
TGLS,Tecnoglass Holdings Inc.,NYQ,Basic Materials,,1666778624.0,37.57,EQUITY,2026-10-10T01:55:02+00:00
VOYG,"Voyager Technologies, Inc.",NYQ,Industrials,,1663652224.0,27.26,EQUITY,2026-10-10T01:55:02+00:00
WBI,WaterBridge Infrastructure LLC,NYQ,Energy,,3701217024.0,29.98,EQUITY,2026-10-10T01:55:02+00:00
XHR,"Xenia Hotels & Resorts, Inc.",NYQ,Real Estate,,1782687616.0,18.02,EQUITY,2026-10-10T01:55:02+00:00
CMPS,COMPASS Pathways Plc - American,NMS,Healthcare,,1661721856.0,12.0,EQUITY,2026-10-10T01:55:02+00:00
ATEX,Anterix Inc.,NCM,Communication Services,,1657615232.0,84.53,EQUITY,2026-10-10T01:55:02+00:00
OCUL,"Ocular Therapeutix, Inc.",NGM,Healthcare,,1655903616.0,7.54,EQUITY,2026-10-10T01:55:02+00:00
TSLX,"Sixth Street Specialty Lending,",NYQ,Financial Services,,1654203392.0,17.35,EQUITY,2026-10-10T01:55:02+00:00
AZTA,"Azenta, Inc.",NMS,Healthcare,,1652452608.0,37.72,EQUITY,2026-10-10T01:55:02+00:00
CET,11017,ASE,Financial Services,,1650917376.0,55.87,EQUITY,2026-10-10T01:55:02+00:00
TCBK,TriCo Bancshares,NMS,Financial Services,,1643404416.0,51.41,EQUITY,2026-10-10T01:55:02+00:00
GIC,Global Industrial Company,NYQ,Industrials,,1643314304.0,42.95,EQUITY,2026-10-10T01:55:02+00:00
BY,"Byline Bancorp, Inc.",NYQ,Financial Services,,1641170816.0,36.32,EQUITY,2026-10-10T01:55:02+00:00
ATEC,"Alphatec Holdings, Inc.",NMS,Healthcare,,1640931968.0,10.67,EQUITY,2026-10-10T01:55:02+00:00
DEI,"Douglas Emmett, Inc.",NYQ,Real Estate,,1968578816.0,9.79,EQUITY,2026-10-10T01:55:02+00:00
ARCO,Arcos Dorados Holdings Inc.,NYQ,Consumer Cyclical,,1636851968.0,7.77,EQUITY,2026-10-10T01:55:02+00:00
CTS,CTS Corporation,NYQ,Technology,,1634842240.0,57.25,EQUITY,2026-10-10T01:55:02+00:00
OMCL,"Omnicell, Inc.",NMS,Healthcare,,1633925120.0,35.82,EQUITY,2026-10-10T01:55:02+00:00
IMKTA,"Ingles Markets, Incorporated",NMS,Consumer Defensive,,1627058304.0,85.66,EQUITY,2026-10-10T01:55:02+00:00
IE,Ivanhoe Electric Inc.,ASE,Basic Materials,,1626224640.0,10.19,EQUITY,2026-10-10T01:55:02+00:00
PBT,Permian Basin Royalty Trust,NYQ,Energy,,1624782720.0,34.86,EQUITY,2026-10-10T01:55:02+00:00
QNT,Quantinuum Inc.,NGM,Technology,,10972487680.0,41.3,EQUITY,2026-10-10T01:55:02+00:00
DSGR,"Distribution Solutions Group, I",NMS,Industrials,,1620327424.0,35.03,EQUITY,2026-10-10T01:55:02+00:00
WOLF,"Wolfspeed, Inc.",NYQ,Technology,,1620204672.0,30.61,EQUITY,2026-10-10T01:55:02+00:00
TRIN,Trinity Capital Inc.,NYQ,Financial Services,,1619260160.0,17.1,EQUITY,2026-10-10T01:55:02+00:00
FOIL,Londian Wason New Energy Tech I,NYQ,Industrials,,1618234624.0,20.54,EQUITY,2026-10-10T01:55:02+00:00
THRM,Gentherm Inc,NMS,Consumer Cyclical,,1616817408.0,29.68,EQUITY,2026-10-10T01:55:02+00:00
EVCM,EverCommerce Inc.,NMS,Technology,,1614720384.0,9.14,EQUITY,2026-10-10T01:55:02+00:00
BFC,Bank First Corporation,NCM,Financial Services,,1611958144.0,145.41,EQUITY,2026-10-10T01:55:02+00:00
MLCO,Melco Resorts & Entertainment L,NMS,Consumer Cyclical,,1608432384.0,4.23,EQUITY,2026-10-10T01:55:02+00:00
PRGS,Progress Software Corporation,NMS,Technology,,1607582080.0,39.33,EQUITY,2026-10-10T01:55:02+00:00
KMTS,"Kestra Medical Technologies, Lt",NMS,Healthcare,,1606977280.0,26.98,EQUITY,2026-10-10T01:55:02+00:00
WB,Weibo Corporation,NMS,Communication Services,,1606698624.0,6.54,EQUITY,2026-10-10T01:55:02+00:00
GSL,Global Ship Lease Inc New,NYQ,Industrials,,1606459648.0,44.58,EQUITY,2026-10-10T01:55:02+00:00
STOK,"Stoke Therapeutics, Inc.",NMS,Healthcare,,1596379136.0,24.74,EQUITY,2026-10-10T01:55:02+00:00
LOB,"Live Oak Bancshares, Inc.",NYQ,Financial Services,,1595859200.0,34.48,EQUITY,2026-10-10T01:55:02+00:00
WWW,"Wolverine World Wide, Inc.",NYQ,Consumer Cyclical,,1594548992.0,19.43,EQUITY,2026-10-10T01:55:02+00:00
ARDT,"Ardent Health, Inc.",NYQ,Healthcare,,1593818752.0,11.3,EQUITY,2026-10-10T01:55:02+00:00
UROY,Uranium Royalty Corp.,NCM,Energy,,1592861312.0,4.18,EQUITY,2026-10-10T01:55:02+00:00
QCRH,"QCR Holdings, Inc.",NGM,Financial Services,,1591873408.0,97.21,EQUITY,2026-10-10T01:55:02+00:00
LILAK,Liberty Latin America Ltd.,NMS,Communication Services,,1590707968.0,8.12,EQUITY,2026-10-10T01:55:02+00:00
OBK,"Origin Bancorp, Inc.",NYQ,Financial Services,,1590609408.0,51.56,EQUITY,2026-10-10T01:55:02+00:00
NAC,Nuveen California Quality Munic,NYQ,Financial Services,,1589842560.0,10.17,EQUITY,2026-10-10T01:55:02+00:00
KMPR,Kemper Corporation,NYQ,Financial Services,,1587979008.0,26.95,EQUITY,2026-10-10T01:55:02+00:00
LILA,Liberty Latin America Ltd.,NMS,Communication Services,,1586790016.0,8.1,EQUITY,2026-10-10T01:55:02+00:00
CNXC,Concentrix Corporation,NMS,Technology,,1585686272.0,25.95,EQUITY,2026-10-10T01:55:02+00:00
CCS,"Century Communities, Inc.",NYQ,Real Estate,,1582843904.0,55.67,EQUITY,2026-10-10T01:55:02+00:00
WRD,WERIDE INC.,NGM,Technology,,1582278912.0,4.81,EQUITY,2026-10-10T01:55:02+00:00
HGTY,"Hagerty, Inc.",NYQ,Financial Services,,4882878464.0,14.21,EQUITY,2026-10-10T01:55:02+00:00
ETON,"Eton Pharmaceuticals, Inc.",NGM,Healthcare,,1578074880.0,55.21,EQUITY,2026-10-10T01:55:02+00:00
VNET,"VNET Group, Inc.",NMS,Technology,,1577340160.0,5.53,EQUITY,2026-10-10T01:55:02+00:00
HUBG,"Hub Group, Inc.",NMS,Industrials,,1575314432.0,25.76,EQUITY,2026-10-10T01:55:02+00:00
KOS,Kosmos Energy Ltd.,NYQ,Energy,,1572087552.0,2.64,EQUITY,2026-10-10T01:55:02+00:00
ICFI,"ICF International, Inc.",NMS,Industrials,,1570111616.0,87.55,EQUITY,2026-10-10T01:55:02+00:00
GLOB,Globant S.A.,NYQ,Technology,,1568281472.0,36.32,EQUITY,2026-10-10T01:55:02+00:00
QURE,uniQure N.V.,NMS,Healthcare,,1566987392.0,22.59,EQUITY,2026-10-10T01:55:02+00:00
ALHC,"Alignment Healthcare, Inc.",NMS,Healthcare,,1565098240.0,7.545,EQUITY,2026-10-10T01:55:02+00:00
OPRA,Opera Limited,NMS,Communication Services,,1563167616.0,17.58,EQUITY,2026-10-10T01:55:02+00:00
PAHC,Phibro Animal Health Corporatio,NGM,Healthcare,,1555041408.0,38.3,EQUITY,2026-10-10T01:55:02+00:00
OCFC,OceanFirst Financial Corp.,NMS,Financial Services,,1554055040.0,16.08,EQUITY,2026-10-10T01:55:02+00:00
RVLV,"Revolve Group, Inc.",NYQ,Consumer Cyclical,,1552039808.0,21.69,EQUITY,2026-10-10T01:55:02+00:00
HYT,Blackrock Corporate High Yield ,NYQ,Financial Services,,1551564544.0,7.93,EQUITY,2026-10-10T01:55:02+00:00
NOMD,Nomad Foods Limited,NYQ,Consumer Defensive,,1548886144.0,11.08,EQUITY,2026-10-10T01:55:02+00:00
TEN,Tsakos Energy Navigation Ltd,NYQ,Energy,,1548558848.0,51.4,EQUITY,2026-10-10T01:55:02+00:00
KRSA,"Korsana Biosciences, Inc.",NCM,Healthcare,,1544765056.0,33.92,EQUITY,2026-10-10T01:55:02+00:00
STC,Stewart Information Services Co,NYQ,Financial Services,,1543815040.0,50.7,EQUITY,2026-10-10T01:55:02+00:00
GAM,"General American Investors, Inc",NYQ,Financial Services,,1542176000.0,64.71,EQUITY,2026-10-10T01:55:02+00:00
KRP,Kimbell Royalty Partners,NYQ,Energy,,1958510720.0,15.24,EQUITY,2026-10-10T01:55:02+00:00
EFOR,"Everforth, Inc.",NYQ,Technology,,1537500032.0,37.5,EQUITY,2026-10-10T01:55:02+00:00
AESI,Atlas Energy Solutions Inc.,NYQ,Energy,,1536292352.0,12.29,EQUITY,2026-10-10T01:55:02+00:00
DJTWW,Trump Media & Technology Group ,NGM,Communication Services,,1532806528.0,4.8,EQUITY,2026-10-10T01:55:02+00:00
INVA,"Innoviva, Inc.",NMS,Healthcare,,1532326784.0,21.21,EQUITY,2026-10-10T01:55:02+00:00
AGM-A,Federal Agricultural Mortgage C,NYQ,Financial Services,,1528891648.0,140.87,EQUITY,2026-10-10T01:55:02+00:00
ALKT,"Alkami Technology, Inc.",NMS,Technology,,1528200960.0,14.29,EQUITY,2026-10-10T01:55:02+00:00
GFR,Greenfire Resources Ltd.,NYQ,Energy,,1526626944.0,6.35,EQUITY,2026-10-10T01:55:02+00:00
RARE,Ultragenyx Pharmaceutical Inc.,NMS,Healthcare,,1526155648.0,15.48,EQUITY,2026-10-10T01:55:02+00:00
SAFT,"Safety Insurance Group, Inc.",NMS,Financial Services,,1524127616.0,103.82,EQUITY,2026-10-10T01:55:02+00:00
PGY,Pagaya Technologies Ltd.,NCM,Technology,,1520018688.0,18.22,EQUITY,2026-10-10T01:55:02+00:00
QQQX,Nuveen NASDAQ 100 Dynamic Overw,NGM,Financial Services,,1518513024.0,31.1,EQUITY,2026-10-10T01:55:02+00:00
HE,"Hawaiian Electric Industries, I",NYQ,Utilities,,1515671936.0,8.76,EQUITY,2026-10-10T01:55:02+00:00
JJSF,J & J Snack Foods Corp.,NMS,Consumer Defensive,,1515638784.0,81.13,EQUITY,2026-10-10T01:55:02+00:00
IMCR,Immunocore Holdings plc,NMS,Healthcare,,1513544320.0,29.39,EQUITY,2026-10-10T01:55:02+00:00
RQI,Cohen & Steers Quality Income R,NYQ,Financial Services,,1510631808.0,11.23,EQUITY,2026-10-10T01:55:02+00:00
CNOB,"ConnectOne Bancorp, Inc.",NMS,Financial Services,,1506575744.0,29.94,EQUITY,2026-10-10T01:55:02+00:00
MAZE,"Maze Therapeutics, Inc.",NGM,Healthcare,,1505937920.0,27.11,EQUITY,2026-10-10T01:55:02+00:00
SNDX,"Syndax Pharmaceuticals, Inc.",NMS,Healthcare,,1505484288.0,16.99,EQUITY,2026-10-10T01:55:02+00:00
KLRA,"Kailera Therapeutics, Inc.",NMS,Healthcare,,1505163136.0,11.61,EQUITY,2026-10-10T01:55:02+00:00
EFC,Ellington Financial Inc.,NYQ,Real Estate,,1531233280.0,11.66,EQUITY,2026-10-10T01:55:02+00:00
MQY,Blackrock MuniYield Quality Fun,NYQ,Financial Services,,1501312384.0,9.98,EQUITY,2026-10-10T01:55:02+00:00
CBL,"CBL & Associates Properties, In",NYQ,Real Estate,,1501033088.0,48.51,EQUITY,2026-10-10T01:55:02+00:00
CSWC,Capital Southwest Corporation,NMS,Financial Services,,1500295296.0,23.54,EQUITY,2026-10-10T01:55:02+00:00
TFIN,"Triumph Financial, Inc.",NYQ,Financial Services,,1494125312.0,62.53,EQUITY,2026-10-10T01:55:02+00:00
CASH,"Pathward Financial, Inc.",NMS,Financial Services,,1492981632.0,71.87,EQUITY,2026-10-10T01:55:02+00:00
SBH,"Sally Beauty Holdings, Inc. (Na",NYQ,Consumer Cyclical,,1488594304.0,15.9,EQUITY,2026-10-10T01:55:02+00:00
PRKS,United Parks & Resorts Inc.,NYQ,Consumer Cyclical,,1481300480.0,32.67,EQUITY,2026-10-10T01:55:02+00:00
TMC,TMC the metals company Inc.,NMS,Basic Materials,,1480009600.0,3.355,EQUITY,2026-10-10T01:55:02+00:00
LCID,"Lucid Group, Inc.",NMS,Consumer Cyclical,,1479073280.0,3.79,EQUITY,2026-10-10T01:55:02+00:00
AMSC,American Superconductor Corpora,NMS,Industrials,,1478454272.0,30.52,EQUITY,2026-10-10T01:55:02+00:00
AGRO,Adecoagro S.A.,NYQ,Consumer Defensive,,1477713536.0,10.24,EQUITY,2026-10-10T01:55:02+00:00
COAG,"Hemab Therapeutics Holdings, In",NMS,Healthcare,,1477037184.0,31.62,EQUITY,2026-10-10T01:55:02+00:00
BORR,Borr Drilling Limited,NYQ,Energy,,1474690944.0,4.78,EQUITY,2026-10-10T01:55:02+00:00
CRSR,"Corsair Gaming, Inc.",NMS,Technology,,1474451968.0,13.63,EQUITY,2026-10-10T01:55:02+00:00
USAS,Americas Gold and Silver Corpor,ASE,Basic Materials,,1474367232.0,4.36,EQUITY,2026-10-10T01:55:02+00:00
NRP,Natural Resource Partners LP Li,NYQ,Energy,,1472253312.0,111.11,EQUITY,2026-10-10T01:55:02+00:00
NVGS,Navigator Holdings Ltd.,NYQ,Energy,,1471530624.0,23.93,EQUITY,2026-10-10T01:55:02+00:00
SHLS,"Shoals Technologies Group, Inc.",NGM,Technology,,1470941568.0,8.74,EQUITY,2026-10-10T01:55:02+00:00
RAPP,"Rapport Therapeutics, Inc.",NGM,Healthcare,,1470534528.0,30.65,EQUITY,2026-10-10T01:55:02+00:00
DXYZ,Destiny Tech100 Inc.,NYQ,Financial Services,,1464986496.0,30.74,EQUITY,2026-10-10T01:55:02+00:00
TSHA,"Taysha Gene Therapies, Inc.",NMS,Healthcare,,1462992512.0,4.49,EQUITY,2026-10-10T01:55:02+00:00
ENR,"Energizer Holdings, Inc.",NYQ,Industrials,,1460539520.0,21.33,EQUITY,2026-10-10T01:55:02+00:00
DMLP,"Dorchester Minerals, L.P.",NMS,Energy,,1460469376.0,29.75,EQUITY,2026-10-10T01:55:02+00:00
BCAT,BlackRock Capital Allocation Term Trust,NYQ,Financial Services,,1458106752.0,13.72,EQUITY,2026-10-10T01:55:02+00:00
PSQL,Pasqal Holding SA,NGM,Technology,,1454211840.0,6.85,EQUITY,2026-10-10T01:55:02+00:00
PCRX,"Pacira BioSciences, Inc.",NMS,Healthcare,,1449212928.0,36.31,EQUITY,2026-10-10T01:55:02+00:00
GHRS,GH Research PLC,NGM,Healthcare,,1449038720.0,21.11,EQUITY,2026-10-10T01:55:02+00:00
JBLU,JetBlue Airways Corporation,NMS,Industrials,,1448878848.0,3.84,EQUITY,2026-10-10T01:55:02+00:00
PRSU,Pursuit Attractions and Hospita,NYQ,Consumer Cyclical,,1443364352.0,52.94,EQUITY,2026-10-10T01:55:02+00:00
FCEL,"FuelCell Energy, Inc.",NGM,Industrials,,1441574144.0,18.03,EQUITY,2026-10-10T01:55:02+00:00
XZO,"Exzeo Group, Inc.",NYQ,Financial Services,,1439572992.0,15.98,EQUITY,2026-10-10T01:55:02+00:00
MLKN,"MillerKnoll, Inc.",NMS,Consumer Cyclical,,1436539648.0,20.88,EQUITY,2026-10-10T01:55:02+00:00
OMER,Omeros Corporation,NGM,Healthcare,,1435460352.0,19.83,EQUITY,2026-10-10T01:55:02+00:00
ESQ,"Esquire Financial Holdings, Inc",NCM,Financial Services,,1435240448.0,118.57,EQUITY,2026-10-10T01:55:02+00:00
IIPR,Innovative Industrial Propertie,NYQ,Real Estate,,1428997760.0,51.83,EQUITY,2026-10-10T01:55:02+00:00
HUN,Huntsman Corporation,NYQ,Basic Materials,,1427582080.0,8.14,EQUITY,2026-10-10T01:55:02+00:00
LUXE,LuxExperience B.V.,NYQ,Consumer Cyclical,,1426335232.0,10.21,EQUITY,2026-10-10T01:55:02+00:00
ATLC,Atlanticus Holdings Corporation,NMS,Financial Services,,1421887744.0,93.73,EQUITY,2026-10-10T01:55:02+00:00
AMBQ,"Ambiq Micro, Inc.",NYQ,Technology,,1416246400.0,58.56,EQUITY,2026-10-10T01:55:02+00:00
UFCS,"United Fire Group, Inc",NMS,Financial Services,,1414680960.0,55.14,EQUITY,2026-10-10T01:55:02+00:00
AMN,AMN Healthcare Services Inc,NYQ,Healthcare,,1414419328.0,36.52,EQUITY,2026-10-10T01:55:02+00:00
SVV,"Savers Value Village, Inc.",NYQ,Consumer Cyclical,,1414354944.0,9.23,EQUITY,2026-10-10T01:55:02+00:00
HCSG,"Healthcare Services Group, Inc.",NMS,Healthcare,,1413137024.0,20.59,EQUITY,2026-10-10T01:55:02+00:00
LKFN,Lakeland Financial Corporation,NMS,Financial Services,,1412919680.0,56.84,EQUITY,2026-10-10T01:55:02+00:00
NUTX,Nutex Health Inc.,NCM,Healthcare,,1412668288.0,206.29,EQUITY,2026-10-10T01:55:02+00:00
NKTR,Nektar Therapeutics,NCM,Healthcare,,1405666944.0,41.17,EQUITY,2026-10-10T01:55:02+00:00
ECAT,BlackRock ESG Capital Allocation Term Trust,NYQ,Financial Services,,1405487104.0,14.13,EQUITY,2026-10-10T01:55:02+00:00
WBTN,WEBTOON Entertainment Inc.,NMS,Communication Services,,1404609664.0,10.35,EQUITY,2026-10-10T01:55:02+00:00
MGRT,Mega Fortune Company Limited,NCM,Technology,,1402499968.0,102.0,EQUITY,2026-10-10T01:55:02+00:00
INBX,"Inhibrx Biosciences, Inc.",NMS,Healthcare,,1398324864.0,95.01,EQUITY,2026-10-10T01:55:02+00:00
REX,REX American Resources Corporat,NYQ,Basic Materials,,1396362752.0,42.09,EQUITY,2026-10-10T01:55:02+00:00
VISN,"Vistance Networks, Inc.",NMS,Technology,,1395289856.0,6.05,EQUITY,2026-10-10T01:55:02+00:00
AMAL,Amalgamated Financial Corp.,NGM,Financial Services,,1392748928.0,46.58,EQUITY,2026-10-10T01:55:02+00:00
CERT,"Certara, Inc.",NMS,Healthcare,,1392679168.0,9.13,EQUITY,2026-10-10T01:55:02+00:00
BHRB,Burke & Herbert Financial Servi,NCM,Financial Services,,1390482688.0,68.88,EQUITY,2026-10-10T01:55:02+00:00
DMC,Del Monte Corporation,NYQ,Consumer Defensive,,1389870464.0,29.48,EQUITY,2026-10-10T01:55:02+00:00
PNTG,"The Pennant Group, Inc.",NMS,Healthcare,,1387731968.0,39.73,EQUITY,2026-10-10T01:55:02+00:00
SCL,Stepan Company,NYQ,Basic Materials,,1387366912.0,61.03,EQUITY,2026-10-10T01:55:02+00:00
BTT,BlackRock Municipal 2030 Target,NYQ,Financial Services,,1386397824.0,21.79,EQUITY,2026-10-10T01:55:02+00:00
AGL,"agilon health, inc.",NYQ,Healthcare,,1383427840.0,82.39,EQUITY,2026-10-10T01:55:02+00:00
AMPX,"Amprius Technologies, Inc.",NYQ,Industrials,,1379001088.0,9.44,EQUITY,2026-10-10T01:55:02+00:00
AAPG,Ascentage Pharma Group Internat,NGM,Healthcare,,1377486976.0,14.75,EQUITY,2026-10-10T01:55:02+00:00
TMP,Tompkins Financial Corporation,ASE,Financial Services,,1376875520.0,95.73,EQUITY,2026-10-10T01:55:02+00:00
IAUX,i-80 Gold Corp.,ASE,Basic Materials,,1376783744.0,1.59,EQUITY,2026-10-10T01:55:02+00:00
LSPD,Lightspeed Commerce Inc. Subord,NYQ,Technology,,1375747712.0,10.64,EQUITY,2026-10-10T01:55:02+00:00
ANAB,"AnaptysBio, Inc.",NMS,Healthcare,,1373686528.0,45.95,EQUITY,2026-10-10T01:55:02+00:00
ARHS,"Arhaus, Inc.",NMS,Consumer Cyclical,,1373574144.0,9.69,EQUITY,2026-10-10T01:55:02+00:00
NFJ,"AllianzGI NFJ Dividend, Interes",NYQ,Financial Services,,1372944640.0,14.59,EQUITY,2026-10-10T01:55:02+00:00
KARD,"Kardigan, Inc.",NGM,Healthcare,,1371699200.0,14.67,EQUITY,2026-10-10T01:55:02+00:00
TYRA,"Tyra Biosciences, Inc.",NMS,Healthcare,,1370993408.0,19.94,EQUITY,2026-10-10T01:55:02+00:00
ELE,Elemental Royalty Corporation,NCM,Basic Materials,,1369872768.0,17.86,EQUITY,2026-10-10T01:55:02+00:00
TRS,TriMas Corporation,NMS,Consumer Cyclical,,1368588288.0,38.15,EQUITY,2026-10-10T01:55:02+00:00
HLF,Herbalife Ltd.,NYQ,Consumer Defensive,,1365587968.0,13.03,EQUITY,2026-10-10T01:55:02+00:00
COUR,"Coursera, Inc.",NYQ,Consumer Defensive,,1364304000.0,5.16,EQUITY,2026-10-10T01:55:02+00:00
RYZ,Ryerson Holding Corporation,NYQ,Industrials,,1361301632.0,26.23,EQUITY,2026-10-10T01:55:02+00:00
SHAZ,"SharonAI Holdings, Inc.",NCM,Technology,,1358026880.0,37.93,EQUITY,2026-10-10T01:55:02+00:00
HLMN,Hillman Solutions Corp.,NGM,Industrials,,1355978496.0,6.97,EQUITY,2026-10-10T01:55:02+00:00
WABC,Westamerica Bancorporation,NMS,Financial Services,,1355700224.0,58.66,EQUITY,2026-10-10T01:55:02+00:00
LYNX,Lyntris Inc.,NYQ,Industrials,,1354288896.0,11.68,EQUITY,2026-10-10T01:55:02+00:00
LQDT,"Liquidity Services, Inc.",NMS,Consumer Cyclical,,1351332736.0,43.13,EQUITY,2026-10-10T01:55:02+00:00
ULCC,"Frontier Group Holdings, Inc.",NMS,Industrials,,1349064448.0,5.86,EQUITY,2026-10-10T01:55:02+00:00
GT,The Goodyear Tire & Rubber Comp,NMS,Consumer Cyclical,,1347366144.0,4.68,EQUITY,2026-10-10T01:55:02+00:00
CTBI,"Community Trust Bancorp, Inc.",NMS,Financial Services,,1347335552.0,74.16,EQUITY,2026-10-10T01:55:02+00:00
DCH,Dauch Corporation,NYQ,Consumer Cyclical,,1347218176.0,5.67,EQUITY,2026-10-10T01:55:02+00:00
MBC,"MasterBrand, Inc.",NYQ,Consumer Cyclical,,1345072256.0,6.61,EQUITY,2026-10-10T01:55:02+00:00
ADNT,Adient plc,NYQ,Consumer Cyclical,,1343028480.0,17.42,EQUITY,2026-10-10T01:55:02+00:00
HAWK,"HawkEye 360, Inc.",NYQ,Industrials,,1342128000.0,13.7,EQUITY,2026-10-10T01:55:02+00:00
TK,Teekay Corporation Ltd.,NYQ,Energy,,1339047168.0,15.27,EQUITY,2026-10-10T01:55:02+00:00
CRCT,"Cricut, Inc.",NMS,Technology,,1338349824.0,6.39,EQUITY,2026-10-10T01:55:02+00:00
NMAX,"Newsmax, Inc.",NYQ,Communication Services,,1335521152.0,10.34,EQUITY,2026-10-10T01:55:02+00:00
ARLO,"Arlo Technologies, Inc.",NYQ,Industrials,,1334404992.0,12.4,EQUITY,2026-10-10T01:55:02+00:00
DRTS,Alpha Tau Medical Ltd.,NCM,Healthcare,,1332610176.0,14.41,EQUITY,2026-10-10T01:55:02+00:00
CNMD,CONMED Corporation,NYQ,Healthcare,,1330434432.0,44.42,EQUITY,2026-10-10T01:55:02+00:00
AAT,"American Assets Trust, Inc.",NYQ,Real Estate,,1669359616.0,21.52,EQUITY,2026-10-10T01:55:02+00:00
RES,"RPC, Inc.",NYQ,Energy,,1321075840.0,5.96,EQUITY,2026-10-10T01:55:02+00:00
OMDA,"Omada Health, Inc.",NMS,Healthcare,,1319219968.0,21.55,EQUITY,2026-10-10T01:55:02+00:00
EYE,"National Vision Holdings, Inc.",NMS,Consumer Cyclical,,1318876160.0,16.68,EQUITY,2026-10-10T01:55:02+00:00
UAN,"CVR Partners, LP",NYQ,Basic Materials,,1318562304.0,124.75,EQUITY,2026-10-10T01:55:02+00:00
AZUL,Azul S.A.,NYQ,Industrials,,1316088448.0,7.19,EQUITY,2026-10-10T01:55:02+00:00
FOR,Forestar Group Inc,NYQ,Real Estate,,1308374016.0,25.65,EQUITY,2026-10-10T01:55:02+00:00
AFYA,Afya Limited,NMS,Consumer Defensive,,1305053696.0,14.75,EQUITY,2026-10-10T01:55:02+00:00
RDWR,Radware Ltd.,NMS,Technology,,1303715456.0,30.98,EQUITY,2026-10-10T01:55:02+00:00
DMRA,"Damora Therapeutics, Inc.",NCM,Healthcare,,1301384704.0,21.08,EQUITY,2026-10-10T01:55:02+00:00
FMC,FMC Corporation,NYQ,Basic Materials,,1298809216.0,8.35,EQUITY,2026-10-10T01:55:02+00:00
SLVM,Sylvamo Corporation,NYQ,Basic Materials,,1298172032.0,32.65,EQUITY,2026-10-10T01:55:02+00:00
UMH,"UMH Properties, Inc.",NYQ,Real Estate,,1295299584.0,15.17,EQUITY,2026-10-10T01:55:02+00:00
NSSC,"NAPCO Security Technologies, In",NMS,Industrials,,1292671232.0,36.14,EQUITY,2026-10-10T01:55:02+00:00
FMBH,"First Mid Bancshares, Inc.",NGM,Financial Services,,1290724736.0,48.52,EQUITY,2026-10-10T01:55:02+00:00
CBRL,Cracker Barrel Old Country Stor,NMS,Consumer Cyclical,,1284370560.0,57.46,EQUITY,2026-10-10T01:55:02+00:00
CXM,"Sprinklr, Inc.",NYQ,Technology,,1281585792.0,5.52,EQUITY,2026-10-10T01:55:02+00:00
EPC,Edgewell Personal Care Company,NYQ,Consumer Defensive,,1281271808.0,27.8,EQUITY,2026-10-10T01:55:02+00:00
RDVT,"Red Violet, Inc.",NCM,Technology,,1280227584.0,79.78,EQUITY,2026-10-10T01:55:02+00:00
UVE,UNIVERSAL INSURANCE HOLDINGS IN,NYQ,Financial Services,,1276021760.0,45.85,EQUITY,2026-10-10T01:55:02+00:00
ADIG,ADI Global Distribution Inc.,NYQ,Technology,,1275509760.0,16.8,EQUITY,2026-10-10T01:55:02+00:00
BJRI,"BJ's Restaurants, Inc.",NMS,Consumer Cyclical,,1273660288.0,59.87,EQUITY,2026-10-10T01:55:02+00:00
PD,"PagerDuty, Inc.",NYQ,Technology,,1270981888.0,16.16,EQUITY,2026-10-10T01:55:02+00:00
HBT,"HBT Financial, Inc.",NMS,Financial Services,,1270978176.0,34.95,EQUITY,2026-10-10T01:55:02+00:00
APPS,"Digital Turbine, Inc.",NCM,Technology,,1269559040.0,10.43,EQUITY,2026-10-10T01:55:02+00:00
UTZ,Utz Brands Inc,NYQ,Consumer Defensive,,1267169024.0,14.3,EQUITY,2026-10-10T01:55:02+00:00
REPL,"Replimune Group, Inc.",NMS,Healthcare,,1264427520.0,13.42,EQUITY,2026-10-10T01:55:02+00:00
USPH,"U.S. Physical Therapy, Inc.",NYQ,Healthcare,,1263504768.0,84.67,EQUITY,2026-10-10T01:55:02+00:00
NBXG,Neuberger Berman Income Funds - Neuberger Next Generation Connectivity Fund Inc.,NYQ,Financial Services,,1262546816.0,16.03,EQUITY,2026-10-10T01:55:02+00:00
VZLA,Vizsla Silver Corp.,ASE,Basic Materials,,1260451840.0,3.55,EQUITY,2026-10-10T01:55:02+00:00
OSBC,"Old Second Bancorp, Inc.",NMS,Financial Services,,1252051456.0,24.61,EQUITY,2026-10-10T01:55:02+00:00
ODC,Oil-Dri Corporation Of America,NYQ,Basic Materials,,1244991104.0,85.98,EQUITY,2026-10-10T01:55:02+00:00
ORIC,"Oric Pharmaceuticals, Inc.",NMS,Healthcare,,1242795264.0,11.99,EQUITY,2026-10-10T01:55:02+00:00
ASIC,Ategrity Specialty Insurance Co,NYQ,Financial Services,,1242745216.0,25.93,EQUITY,2026-10-10T01:55:02+00:00
CCEC,Capital Clean Energy Carriers C,NMS,Industrials,,1242175488.0,20.63,EQUITY,2026-10-10T01:55:02+00:00
INNV,InnovAge Holding Corp.,NMS,Healthcare,,1241708032.0,9.1,EQUITY,2026-10-10T01:55:02+00:00
DOLE,Dole plc,NYQ,Consumer Defensive,,1241188736.0,13.14,EQUITY,2026-10-10T01:55:02+00:00
CCO,"Clear Channel Outdoor Holdings,",NYQ,Communication Services,,1237098112.0,2.43,EQUITY,2026-10-10T01:55:02+00:00
SGLD,SCORPIO GOLD CORPORATION,NCM,Basic Materials,,1232344448.0,3.56,EQUITY,2026-10-10T01:55:02+00:00
FLO,"Flowers Foods, Inc.",NYQ,Consumer Defensive,,1232053632.0,5.81,EQUITY,2026-10-10T01:55:02+00:00
ALX,"Alexander's, Inc.",NYQ,Real Estate,,1230805888.0,240.99,EQUITY,2026-10-10T01:55:02+00:00
MUC,Blackrock MuniHoldings Californ,NYQ,Financial Services,,1227580288.0,9.82,EQUITY,2026-10-10T01:55:02+00:00
SCSC,"ScanSource, Inc.",NMS,Technology,,1227301504.0,60.93,EQUITY,2026-10-10T01:55:02+00:00
NBR,Nabors Industries Ltd.,NYQ,Energy,,1225505024.0,80.67,EQUITY,2026-10-10T01:55:02+00:00
XPEL,"XPEL, Inc.",NCM,Consumer Cyclical,,1224968320.0,44.43,EQUITY,2026-10-10T01:55:02+00:00
NEWP,New Pacific Metals Corp.,ASE,Basic Materials,,1221194624.0,6.58,EQUITY,2026-10-10T01:55:02+00:00
OPY,"Oppenheimer Holdings, Inc.",NYQ,Financial Services,,1220070144.0,113.94,EQUITY,2026-10-10T01:55:02+00:00
PFBC,Preferred Bank,NMS,Financial Services,,1215892608.0,102.58,EQUITY,2026-10-10T01:55:02+00:00
PRG,"PROG Holdings, Inc.",NYQ,Industrials,,1214068096.0,30.48,EQUITY,2026-10-10T01:55:02+00:00
PWP,Perella Weinberg Partners,NMS,Financial Services,,1525150848.0,15.67,EQUITY,2026-10-10T01:55:02+00:00
HPK,"HighPeak Energy, Inc.",NGM,Energy,,1207624320.0,9.55,EQUITY,2026-10-10T01:55:02+00:00
SENEA,Seneca Foods Corp.,NMS,Consumer Defensive,,1207443328.0,178.34,EQUITY,2026-10-10T01:55:02+00:00
POET,POET Technologies Inc.,NCM,Technology,,1206214784.0,6.97,EQUITY,2026-10-10T01:55:02+00:00
VTOL,"Bristow Group, Inc.",NYQ,Energy,,1206132992.0,40.69,EQUITY,2026-10-10T01:55:02+00:00
NBTX,Nanobiotix S.A.,NMS,Healthcare,,1205771648.0,23.68,EQUITY,2026-10-10T01:55:02+00:00
LBRX,LB Pharmaceuticals Inc,NGM,Healthcare,,1200686592.0,37.22,EQUITY,2026-10-10T01:55:02+00:00
QMCO,Quantum Corporation,NGM,Technology,,1199049216.0,30.425,EQUITY,2026-10-10T01:55:02+00:00
HLIT,Harmonic Inc.,NMS,Technology,,1198640256.0,10.99,EQUITY,2026-10-10T01:55:02+00:00
JFR,Nuveen Floating Rate Income Fun,NYQ,Financial Services,,1194378240.0,7.42,EQUITY,2026-10-10T01:55:02+00:00
DFIN,"Donnelley Financial Solutions, ",NYQ,Technology,,1191407744.0,48.46,EQUITY,2026-10-10T01:55:02+00:00
CRON,Cronos Group Inc. Common Share,NGM,Healthcare,,1189973504.0,3.23,EQUITY,2026-10-10T01:55:02+00:00
TBN,Tamboran Resources Corporation,NYQ,Energy,,1189339520.0,34.02,EQUITY,2026-10-10T01:55:02+00:00
GBX,"Greenbrier Companies, Inc. (The",NYQ,Industrials,,1189012096.0,38.43,EQUITY,2026-10-10T01:55:02+00:00
SENEB,Seneca Foods Corp.,NMS,Consumer Defensive,,1188756864.0,175.58,EQUITY,2026-10-10T01:55:02+00:00
CRI,"Carter's, Inc.",NYQ,Consumer Cyclical,,1187973888.0,32.36,EQUITY,2026-10-10T01:55:02+00:00
WEN,Wendy's Company (The),NMS,Consumer Cyclical,,1187873664.0,6.23,EQUITY,2026-10-10T01:55:02+00:00
XNDU,Xanadu Quantum Technologies Lim,NGM,Technology,,1187133952.0,3.9,EQUITY,2026-10-10T01:55:02+00:00
REAL,"The RealReal, Inc.",NMS,Consumer Cyclical,,1186293376.0,9.75,EQUITY,2026-10-10T01:55:02+00:00
GO,Grocery Outlet Holding Corp.,NMS,Consumer Defensive,,1185050624.0,11.96,EQUITY,2026-10-10T01:55:02+00:00
GOLD,"Gold.com, Inc.",NYQ,Financial Services,,1183934592.0,40.69,EQUITY,2026-10-10T01:55:02+00:00
LOMA,Loma Negra Compania Industrial ,NYQ,Basic Materials,,1180969856.0,10.12,EQUITY,2026-10-10T01:55:02+00:00
HEPS,D-Market Electronic Services & ,NMS,Consumer Cyclical,,1174511104.0,2.74,EQUITY,2026-10-10T01:55:02+00:00
MYI,Blackrock MuniYield Quality Fun,NYQ,Financial Services,,1170349824.0,9.57,EQUITY,2026-10-10T01:55:02+00:00
LZB,La-Z-Boy Incorporated,NYQ,Consumer Cyclical,,1170342016.0,29.22,EQUITY,2026-10-10T01:55:02+00:00
GDRX,"GoodRx Holdings, Inc.",NMS,Healthcare,,1170128640.0,3.43,EQUITY,2026-10-10T01:55:02+00:00
FUN,Six Flags Entertainment Corpora,NYQ,Consumer Cyclical,,1167429120.0,11.41,EQUITY,2026-10-10T01:55:02+00:00
TV,Grupo Televisa S.A.B.,NYQ,Communication Services,,1164802560.0,2.21,EQUITY,2026-10-10T01:55:02+00:00
GIII,"G-III Apparel Group, LTD.",NMS,Consumer Cyclical,,1160667008.0,27.07,EQUITY,2026-10-10T01:55:02+00:00
ASBH,"American Savings Bank, N.A.",NYQ,Financial Services,,1158914048.0,17.83,EQUITY,2026-10-10T01:55:02+00:00
BH,Biglari Holdings Inc.,NYQ,Consumer Cyclical,,1158544896.0,363.81,EQUITY,2026-10-10T01:55:02+00:00
BCAX,Bicara Therapeutics Inc.,NGM,Healthcare,,1158026368.0,17.5,EQUITY,2026-10-10T01:55:02+00:00
HZO,"MarineMax, Inc.  (FL)",NYQ,Consumer Cyclical,,1156682368.0,52.37,EQUITY,2026-10-10T01:55:02+00:00
AIIR,Air Global PLC,NCM,Consumer Defensive,,1156098432.0,7.44,EQUITY,2026-10-10T01:55:02+00:00
IRS,IRSA Inversiones Y Representaci,NYQ,Real Estate,,1155629056.0,13.66,EQUITY,2026-10-10T01:55:02+00:00
GNK,Genco Shipping & Trading Limite,NYQ,Industrials,,1155044992.0,26.5,EQUITY,2026-10-10T01:55:02+00:00
PSIX,"Power Solutions International, ",NCM,Industrials,,1154887040.0,50.07,EQUITY,2026-10-10T01:55:02+00:00
MYE,"Myers Industries, Inc.",NYQ,Consumer Cyclical,,1152241536.0,30.63,EQUITY,2026-10-10T01:55:02+00:00
EOS,Eaton Vance Enhance Equity Inco,NYQ,Financial Services,,1150559616.0,21.58,EQUITY,2026-10-10T01:55:02+00:00
SG,"Sweetgreen, Inc.",NYQ,Consumer Cyclical,,1146367872.0,9.63,EQUITY,2026-10-10T01:55:02+00:00
BBAI,"BigBear.ai, Inc.",NYQ,Technology,,1145991936.0,2.39,EQUITY,2026-10-10T01:55:02+00:00
BH-A,Biglari Holdings Inc.,NYQ,Consumer Cyclical,,1145844096.0,1799.11,EQUITY,2026-10-10T01:55:02+00:00
JCAP,"Jefferson Capital, Inc.",NMS,Financial Services,,1144491008.0,19.93,EQUITY,2026-10-10T01:55:02+00:00
WLDN,"Willdan Group, Inc.",NGM,Industrials,,1144234752.0,75.12,EQUITY,2026-10-10T01:55:02+00:00
TRUP,"Trupanion, Inc.",NGM,Financial Services,,1143320192.0,26.06,EQUITY,2026-10-10T01:55:02+00:00
AVLN,Avalyn Pharma Inc.,NMS,Healthcare,,1142020608.0,25.76,EQUITY,2026-10-10T01:55:02+00:00
SLSR,Solaris Resources Inc.,ASE,Basic Materials,,1141099136.0,6.83,EQUITY,2026-10-10T01:55:02+00:00
SPH,"Suburban Propane Partners, L.P.",NYQ,Utilities,,1140114688.0,17.09,EQUITY,2026-10-10T01:55:02+00:00
HQH,Tekla Healthcare Investors,NYQ,Financial Services,,1139841280.0,19.93,EQUITY,2026-10-10T01:55:02+00:00
LNN,Lindsay Corporation,NYQ,Industrials,,1139118464.0,112.02,EQUITY,2026-10-10T01:55:02+00:00
TRAX,"First Tracks Biotherapeutics, I",NMS,Healthcare,,1138027392.0,31.85,EQUITY,2026-10-10T01:55:02+00:00
UTI,Universal Technical Institute I,NYQ,Consumer Defensive,,1137165568.0,20.64,EQUITY,2026-10-10T01:55:02+00:00
DSL,DoubleLine Income Solutions Fun,NYQ,Financial Services,,1135399040.0,9.91,EQUITY,2026-10-10T01:55:02+00:00
NHP,"National Healthcare Properties,",NGM,Real Estate,,1133306368.0,15.545,EQUITY,2026-10-10T01:55:02+00:00
WD,"Walker & Dunlop, Inc",NYQ,Financial Services,,1133092736.0,33.01,EQUITY,2026-10-10T01:55:02+00:00
AMPH,"Amphastar Pharmaceuticals, Inc.",NMS,Healthcare,,1132360064.0,26.62,EQUITY,2026-10-10T01:55:02+00:00
AMRC,"Ameresco, Inc.",NYQ,Industrials,,1131902336.0,21.33,EQUITY,2026-10-10T01:55:02+00:00
IMTX,Immatics N.V.,NCM,Healthcare,,1131032320.0,7.43,EQUITY,2026-10-10T01:55:02+00:00
PDM,"Piedmont Realty Trust, Inc.",NYQ,Real Estate,,1129949312.0,9.03,EQUITY,2026-10-10T01:55:02+00:00
GTM,ZoomInfo Technologies Inc.,NMS,Technology,,1129507072.0,3.88,EQUITY,2026-10-10T01:55:02+00:00
UVSP,Univest Financial Corporation,NMS,Financial Services,,1128053504.0,40.9,EQUITY,2026-10-10T01:55:02+00:00
AMTB,Amerant Bancorp Inc.,NYQ,Financial Services,,1127492224.0,28.77,EQUITY,2026-10-10T01:55:02+00:00
RSKD,Riskified Ltd.,NYQ,Technology,,1126281856.0,8.53,EQUITY,2026-10-10T01:55:02+00:00
MSDL,Morgan Stanley Direct Lending Fund,NYQ,Financial Services,,1125326464.0,13.38,EQUITY,2026-10-10T01:55:02+00:00
JANX,"Janux Therapeutics, Inc.",NGM,Healthcare,,1124305152.0,18.39,EQUITY,2026-10-10T01:55:02+00:00
TNC,Tennant Company,NYQ,Industrials,,1124060672.0,65.93,EQUITY,2026-10-10T01:55:02+00:00
BOW,Bowhead Specialty Holdings Inc.,NYQ,Financial Services,,1121075712.0,34.03,EQUITY,2026-10-10T01:55:02+00:00
TNDM,"Tandem Diabetes Care, Inc.",NGM,Healthcare,,1120913024.0,16.11,EQUITY,2026-10-10T01:55:02+00:00
CYD,China Yuchai International Limi,NYQ,Consumer Cyclical,,1118796416.0,29.82,EQUITY,2026-10-10T01:55:02+00:00
CNL,Collective Mining Ltd.,NMS,Basic Materials,,1118477056.0,12.06,EQUITY,2026-10-10T01:55:02+00:00
IRMD,iRadimed Corporation,NGM,Healthcare,,1118222336.0,87.45,EQUITY,2026-10-10T01:55:02+00:00
PUMP,ProPetro Holding Corp.,NYQ,Energy,,1116469504.0,9.09,EQUITY,2026-10-10T01:55:02+00:00
LADR,Ladder Capital Corp,NYQ,Real Estate,,1112608768.0,8.77,EQUITY,2026-10-10T01:55:02+00:00
TPB,"Turning Point Brands, Inc.",NYQ,Consumer Defensive,,1111309184.0,57.38,EQUITY,2026-10-10T01:55:02+00:00
HFWA,Heritage Financial Corporation,NMS,Financial Services,,1111266560.0,27.16,EQUITY,2026-10-10T01:55:02+00:00
CRAI,"CRA International,Inc.",NMS,Industrials,,1109309440.0,176.73,EQUITY,2026-10-10T01:55:02+00:00
MRVI,"Maravai LifeSciences Holdings, ",NMS,Healthcare,,2755461376.0,7.44,EQUITY,2026-10-10T01:55:02+00:00
AIP,"Arteris, Inc.",NGM,Technology,,1102973184.0,22.44,EQUITY,2026-10-10T01:55:02+00:00
HROW,"Harrow, Inc.",NGM,Healthcare,,1100643200.0,29.36,EQUITY,2026-10-10T01:55:02+00:00
ECVT,Ecovyst Inc.,NYQ,Basic Materials,,1100157440.0,10.05,EQUITY,2026-10-10T01:55:02+00:00
MUX,McEwen Inc.,NYQ,Basic Materials,,1097091200.0,17.88,EQUITY,2026-10-10T01:55:02+00:00
BTX,BlackRock Technology and Privat,NYQ,Financial Services,,1097076736.0,9.4,EQUITY,2026-10-10T01:55:02+00:00
DEA,"Easterly Government Properties,",NYQ,Real Estate,,1131054080.0,23.08,EQUITY,2026-10-10T01:55:02+00:00
EE,"Excelerate Energy, Inc.",NYQ,Energy,,3941857024.0,34.76,EQUITY,2026-10-10T01:55:02+00:00
ROCK,"Gibraltar Industries, Inc.",NMS,Industrials,,1088211328.0,36.66,EQUITY,2026-10-10T01:55:02+00:00
KRT,Karat Packaging Inc.,NMS,Consumer Cyclical,,1087873280.0,54.58,EQUITY,2026-10-10T01:55:02+00:00
STAA,STAAR Surgical Company,NGM,Healthcare,,1086620160.0,21.67,EQUITY,2026-10-10T01:55:02+00:00
NBN,Northeast Bank,NGM,Financial Services,,1083667072.0,125.99,EQUITY,2026-10-10T01:55:02+00:00
NPK,"National Presto Industries, Inc",NYQ,Industrials,,1081756416.0,151.59,EQUITY,2026-10-10T01:55:02+00:00
AGBK,AGI Inc,NYQ,Financial Services,,1764800640.0,6.76,EQUITY,2026-10-10T01:55:02+00:00
VOR,Vor Biopharma Inc.,NMS,Healthcare,,1078298880.0,19.9,EQUITY,2026-10-10T01:55:02+00:00
UPWK,Upwork Inc.,NMS,Communication Services,,1074168960.0,8.6,EQUITY,2026-10-10T01:55:02+00:00
MCB,Metropolitan Bank Holding Corp.,NYQ,Financial Services,,1073895552.0,86.62,EQUITY,2026-10-10T01:55:02+00:00
AHG,Akso Health Group,NCM,Healthcare,,1070880256.0,1.25,EQUITY,2026-10-10T01:55:02+00:00
AOD,Aberdeen Total Dynamic Dividend,NYQ,Financial Services,,1070483328.0,10.15,EQUITY,2026-10-10T01:55:02+00:00
MMI,"Marcus & Millichap, Inc.",NYQ,Real Estate,,1069477120.0,28.24,EQUITY,2026-10-10T01:55:02+00:00
FLNC,"Fluence Energy, Inc.",NMS,Utilities,,1446344448.0,7.43,EQUITY,2026-10-10T01:55:02+00:00
CII,BlackRock Enhanced Large Cap Co,NYQ,Financial Services,,1063320960.0,24.33,EQUITY,2026-10-10T01:55:02+00:00
DLX,Deluxe Corporation,NYQ,Industrials,,1061114496.0,23.14,EQUITY,2026-10-10T01:55:02+00:00
LTGO,"Latigo Biotherapeutics, Inc.",NMS,Healthcare,,1060789568.0,16.0,EQUITY,2026-10-10T01:55:02+00:00
PDS,Precision Drilling Corporation,NYQ,Energy,,1059109696.0,84.14,EQUITY,2026-10-10T01:55:02+00:00
CRF,33138,ASE,Financial Services,,1059040064.0,6.22,EQUITY,2026-10-10T01:55:02+00:00
MNKD,MannKind Corporation,NGM,Healthcare,,1057881344.0,3.29,EQUITY,2026-10-10T01:55:02+00:00
SBR,Sabine Royalty Trust,NYQ,Energy,,1054961408.0,72.36,EQUITY,2026-10-10T01:55:02+00:00
TUYA,Tuya Inc.,NYQ,Technology,,1054606400.0,1.72,EQUITY,2026-10-10T01:55:02+00:00
PRCT,PROCEPT BioRobotics Corporation,NGM,Healthcare,,1053835328.0,18.4,EQUITY,2026-10-10T01:55:02+00:00
ANDG,Andersen Group Inc.,NYQ,Consumer Cyclical,,1053466112.0,56.82,EQUITY,2026-10-10T01:55:02+00:00
SGML,Sigma Lithium Corporation,NCM,Basic Materials,,1052513792.0,9.35,EQUITY,2026-10-10T01:55:02+00:00
CSTL,"Castle Biosciences, Inc.",NGM,Healthcare,,1051513984.0,34.42,EQUITY,2026-10-10T01:55:02+00:00
CDRE,"Cadre Holdings, Inc.",NYQ,Industrials,,1051249024.0,24.55,EQUITY,2026-10-10T01:55:02+00:00
CPAC,Cementos Pacasmayo S.A.A.,NYQ,Basic Materials,,1050574208.0,12.27,EQUITY,2026-10-10T01:55:02+00:00
ETW,Eaton Vance Corporation Eaton V,NYQ,Financial Services,,1050140608.0,9.67,EQUITY,2026-10-10T01:55:02+00:00
WINA,Winmark Corporation,NGM,Consumer Cyclical,,1048410368.0,291.86,EQUITY,2026-10-10T01:55:02+00:00
TDOC,"Teladoc Health, Inc.",NYQ,Healthcare,,1048316800.0,5.77,EQUITY,2026-10-10T01:55:02+00:00
BRUN,Boost Run Inc.,NGM,Technology,,1047644480.0,13.18,EQUITY,2026-10-10T01:55:02+00:00
UVV,Universal Corporation,NYQ,Consumer Defensive,,1045768768.0,42.0,EQUITY,2026-10-10T01:55:02+00:00
IART,Integra LifeSciences Holdings C,NMS,Healthcare,,1045262400.0,13.44,EQUITY,2026-10-10T01:55:02+00:00
IGIC,International General Insurance,NCM,Financial Services,,1044256128.0,24.59,EQUITY,2026-10-10T01:55:02+00:00
FSBC,Five Star Bancorp,NMS,Financial Services,,1042315328.0,42.48,EQUITY,2026-10-10T01:55:02+00:00
UMAC,"Unusual Machines, Inc.",ASE,Technology,,1040593984.0,20.83,EQUITY,2026-10-10T01:55:02+00:00
MRTN,"Marten Transport, Ltd.",NMS,Industrials,,1040261504.0,12.75,EQUITY,2026-10-10T01:55:02+00:00
HSLV,Highlander Silver Corp.,ASE,Basic Materials,,1037969472.0,5.1,EQUITY,2026-10-10T01:55:02+00:00
AORT,"Artivion, Inc.",NYQ,Healthcare,,1036557248.0,21.26,EQUITY,2026-10-10T01:55:02+00:00
ITRN,Ituran Location and Control Ltd,NMS,Technology,,1035814016.0,52.22,EQUITY,2026-10-10T01:55:02+00:00
GSHD,"Goosehead Insurance, Inc.",NMS,Financial Services,,1554968704.0,43.51,EQUITY,2026-10-10T01:55:02+00:00
HRTG,"Heritage Insurance Holdings, In",NYQ,Financial Services,,1035580096.0,34.83,EQUITY,2026-10-10T01:55:02+00:00
CFFN,"Capitol Federal Financial, Inc.",NMS,Financial Services,,1035069696.0,8.39,EQUITY,2026-10-10T01:55:02+00:00
ASA,ASA  Gold and Precious Metals L,NYQ,Financial Services,,1034590144.0,56.36,EQUITY,2026-10-10T01:55:02+00:00
HBNB,Hotel101 Global Holdings Corp.,NCM,Real Estate,,1034423168.0,4.42,EQUITY,2026-10-10T01:55:02+00:00
BMEZ,BlackRock Health Sciences Trust,NYQ,Financial Services,,1032523200.0,16.52,EQUITY,2026-10-10T01:55:02+00:00
OPK,"Opko Health, Inc.",NMS,Healthcare,,1029932992.0,1.38,EQUITY,2026-10-10T01:55:02+00:00
CLVT,Clarivate Plc,NYQ,Technology,,1029138624.0,1.61,EQUITY,2026-10-10T01:55:02+00:00
AVO,"Mission Produce, Inc.",NMS,Consumer Defensive,,1028905984.0,11.735,EQUITY,2026-10-10T01:55:02+00:00
EMAT,Evolution Metals & Technologies,NGM,Basic Materials,,1028609024.0,1.64,EQUITY,2026-10-10T01:55:02+00:00
MGTX,MeiraGTx Holdings plc,NMS,Healthcare,,1026699520.0,10.69,EQUITY,2026-10-10T01:55:02+00:00
EMO,ClearBridge Energy Midstream Op,NYQ,Financial Services,,1024548800.0,51.19,EQUITY,2026-10-10T01:55:02+00:00
LZ,"LegalZoom.com, Inc.",NMS,Industrials,,1024163584.0,5.98,EQUITY,2026-10-10T01:55:02+00:00
OCSL,Oaktree Specialty Lending Corpo,NMS,Financial Services,,1021792064.0,11.6,EQUITY,2026-10-10T01:55:02+00:00
ENOV,Enovis Corporation,NYQ,Healthcare,,1020173440.0,17.69,EQUITY,2026-10-10T01:55:02+00:00
LGIH,"LGI Homes, Inc.",NMS,Consumer Cyclical,,1018038528.0,43.82,EQUITY,2026-10-10T01:55:02+00:00
TRIP,"TripAdvisor, Inc.",NMS,Consumer Cyclical,,1016704320.0,8.675,EQUITY,2026-10-10T01:55:02+00:00
FSCO,FS Credit Opportunities Corp.,NYQ,Financial Services,,1015393600.0,5.02,EQUITY,2026-10-10T01:55:02+00:00
TE,T1 Energy Inc.,NYQ,Industrials,,1015301248.0,3.39,EQUITY,2026-10-10T01:55:02+00:00
HSTM,"HealthStream, Inc.",NMS,Healthcare,,1013641792.0,33.13,EQUITY,2026-10-10T01:55:02+00:00
LMRI,"Lumexa Imaging Holdings, Inc.",NMS,Healthcare,,1012630272.0,10.54,EQUITY,2026-10-10T01:55:02+00:00
AVEX,AEVEX Corp.,NYQ,Industrials,,1012361024.0,14.63,EQUITY,2026-10-10T01:55:02+00:00
AKTS,"Aktis Oncology, Inc.",NMS,Healthcare,,1009493888.0,18.15,EQUITY,2026-10-10T01:55:02+00:00
YELP,Yelp Inc.,NYQ,Communication Services,,1008760704.0,18.59,EQUITY,2026-10-10T01:55:02+00:00
SVRA,"Savara, Inc.",NMS,Healthcare,,1008241920.0,4.92,EQUITY,2026-10-10T01:55:02+00:00
CRML,Critical Metals Corp.,NGM,Basic Materials,,1007656832.0,6.86,EQUITY,2026-10-10T01:55:02+00:00
MSEX,Middlesex Water Company,NMS,Utilities,,1006832064.0,53.43,EQUITY,2026-10-10T01:55:02+00:00
ANL,Adlai Nortye Group Ltd.,NGM,Healthcare,,1005895744.0,15.62,EQUITY,2026-10-10T01:55:02+00:00
GPRE,"Green Plains, Inc.",NMS,Basic Materials,,1005167040.0,14.34,EQUITY,2026-10-10T01:55:02+00:00
REPX,"Riley Exploration Permian, Inc.",ASE,Energy,,1005117184.0,45.37,EQUITY,2026-10-10T01:55:02+00:00
TYG,Tortoise Energy Infrastructure ,NYQ,Financial Services,,1003808000.0,39.52,EQUITY,2026-10-10T01:55:02+00:00
ORC,"Orchid Island Capital, Inc.",NYQ,Real Estate,,1002829120.0,5.08,EQUITY,2026-10-10T01:55:02+00:00
TDAY,"USA TODAY Co., Inc.",NYQ,Communication Services,,1001298368.0,6.82,EQUITY,2026-10-10T01:55:02+00:00
